territory,rental_area,au_name,au2001
Ashburton ,Ashburton,Methven,597600
Ashburton ,Ashburton,Fairton,597711
Ashburton ,Ashburton,Plains Railway,597712
Ashburton ,Ashburton,Mt Somers,597720
Ashburton ,Ashburton,Hinds,597730
Ashburton ,Ashburton,Chertsey,597741
Ashburton ,Ashburton,Rakaia,597742
Ashburton ,Ashburton,Allenton,597810
Ashburton ,Ashburton,Central Ashburton West,597820
Ashburton ,Ashburton,Netherby,597830
Ashburton ,Ashburton,Central Ashburton East,597840
Ashburton ,Ashburton,Hampstead,597850
Ashburton ,Ashburton,Tinwald,597860
Auckland ,Avondale,Glenavon,514402
Auckland ,Avondale,Rosebank,514801
Auckland ,Avondale,Avondale West,514802
Auckland ,Balmoral,Maungawhau,518301
Auckland ,Balmoral,Mt Eden South,518302
Auckland ,Blockhouse Bay/New Windsor,New Windsor,514500
Auckland ,Blockhouse Bay/New Windsor,Avondale South,514600
Auckland ,Blockhouse Bay/New Windsor,Blockhouse Bay,514700
Auckland ,Central East,Auckland Central East,514103
Auckland ,Central West,Auckland Central West,514102
Auckland ,Eden Terrace,Eden Terrace,515600
Auckland ,Ellerslie,Ellerslie North,520201
Auckland ,Ellerslie,Ellerslie South,520202
Auckland ,Epsom,Epsom North,515700
Auckland ,Epsom,Epsom Central,515801
Auckland ,Epsom,Epsom South,515802
Auckland ,Epsom,Mt St John,519200
Auckland ,Glen Innes/Pt England/Wai O Taiki,Glen Innes West,517001
Auckland ,Glen Innes/Pt England/Wai O Taiki,Glen Innes East,517002
Auckland ,Glen Innes/Pt England/Wai O Taiki,Point England,517100
Auckland ,Grey Lynn/Arch Hill,Grey Lynn West,515410
Auckland ,Grey Lynn/Arch Hill,Grey Lynn East,515420
Auckland ,Grey Lynn/Arch Hill,Arch Hill,515500
Auckland ,Harbourside,Auckland Harbourside,514101
Auckland ,Herne Bay/St Marys,Herne Bay,515201
Auckland ,Herne Bay/St Marys,St Marys,515202
Auckland ,Hillsborough,Hillsborough West,518701
Auckland ,Hillsborough,Hillsborough East,518702
Auckland ,Hillsborough,Waikowhai East,519002
Auckland ,Kingsland,Kingsland,517500
Auckland ,Kohimarama,Kohimarama West,516601
Auckland ,Kohimarama,Kohimarama East,516602
Auckland ,Lynfield,Lynfield North,518901
Auckland ,Lynfield,Lynfield South,518902
Auckland ,Lynfield,Waikowhai West,519001
Auckland ,Meadowbank,Meadowbank North,516301
Auckland ,Mission Bay/Orakei,Orakei North,516400
Auckland ,Mission Bay/Orakei,Mission Bay,516500
Auckland ,Mt Albert/Owairaka,Mt Albert Central,517800
Auckland ,Mt Albert/Owairaka,Springleigh,517901
Auckland ,Mt Albert/Owairaka,Owairaka West,517902
Auckland ,Mt Albert/Owairaka,Owairaka East,517903
Auckland ,Mt Eden,Mt Eden North,518101
Auckland ,Mt Eden,Sherbourne,518102
Auckland ,Mt Eden,Balmoral,518201
Auckland ,Mt Eden,Mt Eden East,518202
Auckland ,Mt Roskill/Wesley,Walmsley,518801
Auckland ,Mt Roskill/Wesley,Wesley,518802
Auckland ,Mt Roskill/Wesley,Akarana,518803
Auckland ,Mt Wellington,Ferndale,520401
Auckland ,Mt Wellington North,Mt Wellington North,520300
Auckland ,Newmarket,Mt Hobson,516001
Auckland ,Newmarket,Newmarket,517400
Auckland ,Newton/Grafton,Newton,514200
Auckland ,Newton/Grafton,Grafton West,514301
Auckland ,Newton/Grafton,Grafton East,514302
Auckland ,Onehunga/Oranga/Te Papapa,Onehunga North West,519710
Auckland ,Onehunga/Oranga/Te Papapa,Onehunga North East,519720
Auckland ,Onehunga/Oranga/Te Papapa,Onehunga South West,519810
Auckland ,Onehunga/Oranga/Te Papapa,Onehunga South East,519820
Auckland ,Onehunga/Oranga/Te Papapa,Oranga,519900
Auckland ,Onehunga/Oranga/Te Papapa,Te Papapa,520000
Auckland ,Otahuhu,Otahuhu East,521800
Auckland ,Otahuhu,Otahuhu West,521901
Auckland ,Panmure,Tamaki,520601
Auckland ,Panmure,Panmure Basin,520602
Auckland ,Parnell,Parnell East,515901
Auckland ,Parnell,Parnell West,515902
Auckland ,Penrose/Mt Wellington South,Penrose,519500
Auckland ,Penrose/Mt Wellington South,Hamlin,520402
Auckland ,Penrose/Mt Wellington South,Mt Wellington South,520500
Auckland ,Ponsonby/Freemans Bay,Freemans Bay,514000
Auckland ,Ponsonby/Freemans Bay,Ponsonby West,515301
Auckland ,Ponsonby/Freemans Bay,Ponsonby East,515302
Auckland ,Pt Chevalier,Point Chevalier West,515001
Auckland ,Pt Chevalier,Point Chevalier East,515002
Auckland ,Pt Chevalier,Point Chevalier South,515003
Auckland ,Remuera,Remuera South,516002
Auckland ,Remuera,Remuera West,516101
Auckland ,Remuera,Waitaramoa,516102
Auckland ,Remuera,Orakei South,516201
Auckland ,Remuera,Waiata,516202
Auckland ,Remuera South/Meadowbank South,Abbotts Park,516003
Auckland ,Remuera South/Meadowbank South,Meadowbank South,516302
Auckland ,Royal Oak/One Tree Hill,Royal Oak,518600
Auckland ,Royal Oak/One Tree Hill,One Tree Hill Central,519300
Auckland ,Royal Oak/One Tree Hill,One Tree Hill East,519400
Auckland ,St Helliers/Glendowie,St Heliers,516700
Auckland ,St Helliers/Glendowie,Glendowie,516800
Auckland ,St Helliers/Glendowie,Glen Innes North,516900
Auckland ,St Johns,St Johns,517200
Auckland ,St Lukes/Sandringham,Sandringham North,517701
Auckland ,St Lukes/Sandringham,Sandringham West,517702
Auckland ,St Lukes/Sandringham,Sandringham East,517703
Auckland ,Three Kings,Three Kings,518500
Auckland ,Waiheke Island,Waiheke Island,520801
Auckland ,Waterview/Avondale Heights,Roberton,514401
Auckland ,Waterview/Avondale Heights,Waterview,514900
Auckland ,Western Springs/Morningside,St Lukes North,515432
Auckland ,Western Springs/Morningside,St Lukes,517600
Auckland ,Westmere/Surrey Crescent,Westmere,515100
Auckland ,Westmere/Surrey Crescent,Surrey Crescent,515431
Banks Peninsula/Selwyn ,Banks Peninsula/Selwyn,Darfield,586900
Banks Peninsula/Selwyn ,Banks Peninsula/Selwyn,Kirwee,587010
Banks Peninsula/Selwyn ,Banks Peninsula/Selwyn,Burnham Military Camp,587020
Banks Peninsula/Selwyn ,Banks Peninsula/Selwyn,Malvern,587100
Banks Peninsula/Selwyn ,Banks Peninsula/Selwyn,Prebbleton,587841
Banks Peninsula/Selwyn ,Banks Peninsula/Selwyn,West Melton,587904
Banks Peninsula/Selwyn ,Banks Peninsula/Selwyn,Taitapu,587905
Banks Peninsula/Selwyn ,Banks Peninsula/Selwyn,Lyttelton,596400
Banks Peninsula/Selwyn ,Banks Peninsula/Selwyn,Diamond Harbour,596502
Banks Peninsula/Selwyn ,Banks Peninsula/Selwyn,Governors Bay,596503
Banks Peninsula/Selwyn ,Banks Peninsula/Selwyn,Quail Island,596504
Banks Peninsula/Selwyn ,Banks Peninsula/Selwyn,Port Levy,596600
Banks Peninsula/Selwyn ,Banks Peninsula/Selwyn,Akaroa,596800
Banks Peninsula/Selwyn ,Banks Peninsula/Selwyn,Okains Bay,596900
Banks Peninsula/Selwyn ,Banks Peninsula/Selwyn,Little River,597101
Banks Peninsula/Selwyn ,Banks Peninsula/Selwyn,Lincoln,597200
Banks Peninsula/Selwyn ,Banks Peninsula/Selwyn,Leeston,597300
Banks Peninsula/Selwyn ,Banks Peninsula/Selwyn,Southbridge,597400
Banks Peninsula/Selwyn ,Banks Peninsula/Selwyn,Rolleston,597502
Banks Peninsula/Selwyn ,Banks Peninsula/Selwyn,Dunsandel,597503
Banks Peninsula/Selwyn ,Banks Peninsula/Selwyn,Springston,597504
Banks Peninsula/Selwyn ,Banks Peninsula/Selwyn,Selwyn-Rakaia,597506
Buller ,Buller,Karamea,584402
Buller ,Buller,Hector-Ngakawau,584403
Buller ,Buller,Granity,584404
Buller ,Buller,Orowaiti,584405
Buller ,Buller,Little Wanganui,584407
Buller ,Buller,Mokihinui,584408
Buller ,Buller,Buller Coalfields,584409
Buller ,Buller,Westport Rural,584410
Buller ,Buller,Charleston,584411
Buller ,Buller,Inangahua Junction,584412
Buller ,Buller,Westport Urban,584500
Buller ,Buller,Reefton,584600
Buller ,Buller,Inangahua Valley,584701
Buller ,Buller,Mawheraiti,584702
Buller ,Buller,Maruia,584703
Carterton/South Wairarapa ,Carterton/South Wairarapa,Waingawa,579400
Carterton/South Wairarapa ,Carterton/South Wairarapa,Mt Holdsworth,579501
Carterton/South Wairarapa ,Carterton/South Wairarapa,Te Wharau,579502
Carterton/South Wairarapa ,Carterton/South Wairarapa,Carterton,579700
Carterton/South Wairarapa ,Carterton/South Wairarapa,Tuturumuri,579802
Carterton/South Wairarapa ,Carterton/South Wairarapa,Kahutara,579803
Carterton/South Wairarapa ,Carterton/South Wairarapa,Greytown,579900
Carterton/South Wairarapa ,Carterton/South Wairarapa,Featherston,580000
Carterton/South Wairarapa ,Carterton/South Wairarapa,Martinborough,580100
Central Hawkes Bay ,Central Hawkes Bay,Takapau,549000
Central Hawkes Bay ,Central Hawkes Bay,Waipawa,549100
Central Hawkes Bay ,Central Hawkes Bay,Tikokino,549200
Central Hawkes Bay ,Central Hawkes Bay,Otane,549400
Central Hawkes Bay ,Central Hawkes Bay,Waipukurau,549500
Central Hawkes Bay ,Central Hawkes Bay,Porangahau,549601
Central Hawkes Bay ,Central Hawkes Bay,Elsthorpe-Flemington,549602
Central Otago ,Central Otago,Teviot,607501
Central Otago ,Central Otago,Roxburgh,607800
Central Otago ,Central Otago,Ranfurly,607900
Central Otago ,Central Otago,Maniototo,608000
Central Otago ,Central Otago,Naseby,608100
Central Otago ,Central Otago,Dunstan,608302
Central Otago ,Central Otago,Clyde,608303
Central Otago ,Central Otago,Alexandra,608500
Central Otago ,Central Otago,Cromwell,608600
Christchurch ,Addington,Riccarton South,590900
Christchurch ,Addington,Addington,594700
Christchurch ,Aranui/Bromley/Bexley,Chisnall,593000
Christchurch ,Aranui/Bromley/Bexley,Aranui,593100
Christchurch ,Aranui/Bromley/Bexley,East Linwood,593700
Christchurch ,Aranui/Bromley/Bexley,Bexley,593800
Christchurch ,Aranui/Bromley/Bexley,Bromley,593900
Christchurch ,Avon Loop/Christchurch East,Avon Loop,591700
Christchurch ,Avonhead/Yaldhurst,Yaldhurst,587811
Christchurch ,Avonhead/Yaldhurst,Templeton,587820
Christchurch ,Avonhead/Yaldhurst,Hawthornden,589601
Christchurch ,Avonhead/Yaldhurst,Merrin,589602
Christchurch ,Avonhead/Yaldhurst,Masham,589800
Christchurch ,Avonhead/Yaldhurst,Avonhead,589900
Christchurch ,Bishopdale/Papanui,Bishopdale,588700
Christchurch ,Bishopdale/Papanui,Jellie Park,589100
Christchurch ,Bishopdale/Papanui,Papanui,591900
Christchurch ,Bishopdale/Papanui,Aorangi,592000
Christchurch ,Burnside/Harewood,Harewood,588600
Christchurch ,Burnside/Harewood,Russley,588800
Christchurch ,Burnside/Harewood,Burnside,588900
Christchurch ,Burnside/Harewood,Wairarapa,589000
Christchurch ,Burwood/Dallington/Avondale,Burwood,592811
Christchurch ,Burwood/Dallington/Avondale,Dallington,592812
Christchurch ,Burwood/Dallington/Avondale,Avondale,592900
Christchurch ,Christchurch Central/Hagley,Cathedral Square,591500
Christchurch ,Christchurch Central/Hagley,Hagley Park,591600
Christchurch ,Fendalton/Strowan/Bryndwr,Bryndwr,589200
Christchurch ,Fendalton/Strowan/Bryndwr,Holmwood,589300
Christchurch ,Fendalton/Strowan/Bryndwr,Fendalton,589400
Christchurch ,Fendalton/Strowan/Bryndwr,Deans Bush,589500
Christchurch ,Fendalton/Strowan/Bryndwr,Strowan,592100
Christchurch ,Halswell/Wigram,Oaklands,587301
Christchurch ,Halswell/Wigram,Halswell South,587302
Christchurch ,Halswell/Wigram,Wigram,587702
Christchurch ,Halswell/Wigram,Halswell West,587842
Christchurch ,Halswell/Wigram,Halswell East,587843
Christchurch ,Halswell/Wigram,Kennedys Bush,587903
Christchurch ,Hillmorton/Hoon Hay,Middleton,590300
Christchurch ,Hillmorton/Hoon Hay,Hoon Hay,595100
Christchurch ,Hillmorton/Hoon Hay,Hoon Hay South,595200
Christchurch ,Hillmorton/Hoon Hay,Hillmorton,595300
Christchurch ,Horby/Islington/Hei Hei,Hornby North,587400
Christchurch ,Horby/Islington/Hei Hei,Hornby South,587500
Christchurch ,Horby/Islington/Hei Hei,Broomfield,587812
Christchurch ,Horby/Islington/Hei Hei,Islington,587830
Christchurch ,Ilam/Westburn,Westburn,589700
Christchurch ,Ilam/Westburn,Ilam,590000
Christchurch ,Linwood/Phillipstown,Linwood,593501
Christchurch ,Linwood/Phillipstown,Phillipstown,593502
Christchurch ,Linwood/Phillipstown,North Linwood,593600
Christchurch ,Marshland/Redwood,Redwood North,588101
Christchurch ,Marshland/Redwood,Redwood South,588102
Christchurch ,Marshland/Redwood,Marshland,590500
Christchurch ,Merivale/St Albans West,Merivale,592200
Christchurch ,Merivale/St Albans West,St Albans West,592401
Christchurch ,North Beach/New Brighton/Southshore,North Beach,595600
Christchurch ,North Beach/New Brighton/Southshore,Rawhiti,595700
Christchurch ,North Beach/New Brighton/Southshore,New Brighton,595800
Christchurch ,North Beach/New Brighton/Southshore,South Brighton,595900
Christchurch ,Redcliffs/Sumner,Heathcote Valley,591300
Christchurch ,Redcliffs/Sumner,Mt Pleasant,596000
Christchurch ,Redcliffs/Sumner,Moncks Bay,596102
Christchurch ,Redcliffs/Sumner,Sumner,596200
Christchurch ,Riccarton,Wharenui,590200
Christchurch ,Riccarton,Riccarton West,590700
Christchurch ,Riccarton,Riccarton,590800
Christchurch ,Richmond/Avonside,South Richmond,593300
Christchurch ,Richmond/Avonside,Avonside,593400
Christchurch ,Richmond/Shirley,Shirley West,592701
Christchurch ,Richmond/Shirley,Shirley East,592702
Christchurch ,Richmond/Shirley,North Richmond,593200
Christchurch ,Sawyers Arms/Northcote/Belfast,Mcleans Island,587902
Christchurch ,Sawyers Arms/Northcote/Belfast,Styx Mill,588200
Christchurch ,Sawyers Arms/Northcote/Belfast,Casebrook,588300
Christchurch ,Sawyers Arms/Northcote/Belfast,Sawyers Arms,588400
Christchurch ,Sawyers Arms/Northcote/Belfast,Kaimahi,588500
Christchurch ,Sawyers Arms/Northcote/Belfast,Belfast,590400
Christchurch ,Sawyers Arms/Northcote/Belfast,Northcote,591800
Christchurch ,Sockburn/Upper Riccarton,Sockburn,587701
Christchurch ,Sockburn/Upper Riccarton,Upper Riccarton,590100
Christchurch ,Spreydon/Somerfield,Barrington North,594800
Christchurch ,Spreydon/Somerfield,Spreydon,595000
Christchurch ,Spreydon/Somerfield,Somerfield,595400
Christchurch ,St Albans East/Edgeware,St Albans East,592402
Christchurch ,St Albans East/Edgeware,Edgeware,592600
Christchurch ,St Albans North/ Mairehau,Rutland,592300
Christchurch ,St Albans North/ Mairehau,Mairehau,592500
Christchurch ,St Martins/Beckenham/Huntsbury,Rapaki Track,591200
Christchurch ,St Martins/Beckenham/Huntsbury,St Martins,594400
Christchurch ,St Martins/Beckenham/Huntsbury,Beckenham,595500
Christchurch ,Styx/Parklands,Styx,590601
Christchurch ,Styx/Parklands,Parklands,590602
Christchurch ,Styx/Parklands,Travis,592820
Christchurch ,Sydenham/Waltham,Waltham,594500
Christchurch ,Sydenham/Waltham,Sydenham,594600
Christchurch ,Westmorland/Cashmere/Barrington,Westmorland,587844
Christchurch ,Westmorland/Cashmere/Barrington,Cashmere West,591101
Christchurch ,Westmorland/Cashmere/Barrington,Cashmere East,591102
Christchurch ,Westmorland/Cashmere/Barrington,Barrington South,594900
Christchurch ,Woolston/Opawa,Woolston West,594010
Christchurch ,Woolston/Opawa,Ferrymead,594020
Christchurch ,Woolston/Opawa,Woolston South,594100
Christchurch ,Woolston/Opawa,Ensors,594200
Christchurch ,Woolston/Opawa,Opawa,594300
Clutha/Southland ,Clutha/Southland,Benhar,606500
Clutha/Southland ,Clutha/Southland,Stirling,606600
Clutha/Southland ,Clutha/Southland,Bruce,606700
Clutha/Southland ,Clutha/Southland,Milton,606800
Clutha/Southland ,Clutha/Southland,Kaitangata,606900
Clutha/Southland ,Clutha/Southland,Clinton,607000
Clutha/Southland ,Clutha/Southland,Kaka Point,607100
Clutha/Southland ,Clutha/Southland,Owaka,607200
Clutha/Southland ,Clutha/Southland,Clutha,607300
Clutha/Southland ,Clutha/Southland,Balclutha,607400
Clutha/Southland ,Clutha/Southland,Tuapeka,607502
Clutha/Southland ,Clutha/Southland,Tapanui,607600
Clutha/Southland ,Clutha/Southland,Lawrence,607700
Clutha/Southland ,Clutha/Southland,Milford,609011
Clutha/Southland ,Clutha/Southland,Balfour Community,609400
Clutha/Southland ,Clutha/Southland,Riversdale Community,609500
Clutha/Southland ,Clutha/Southland,Lumsden Community,609600
Clutha/Southland ,Clutha/Southland,Edendale Community,609700
Clutha/Southland ,Clutha/Southland,Wyndham,609800
Clutha/Southland ,Clutha/Southland,Makarewa North,609911
Clutha/Southland ,Clutha/Southland,Waikaia,610020
Clutha/Southland ,Clutha/Southland,Kaweku,610031
Clutha/Southland ,Clutha/Southland,Hokonui,610040
Clutha/Southland ,Clutha/Southland,Waianiwa,610051
Clutha/Southland ,Clutha/Southland,Dacre,610061
Clutha/Southland ,Clutha/Southland,Waituna,610072
Clutha/Southland ,Clutha/Southland,Woodlands,610073
Clutha/Southland ,Clutha/Southland,Toetoes,610080
Clutha/Southland ,Clutha/Southland,Wallacetown,610090
Clutha/Southland ,Clutha/Southland,Winton,610500
Clutha/Southland ,Clutha/Southland,Nightcaps,612200
Clutha/Southland ,Clutha/Southland,Ohai,612300
Clutha/Southland ,Clutha/Southland,Te Anau,612400
Clutha/Southland ,Clutha/Southland,Tuatapere,612500
Clutha/Southland ,Clutha/Southland,Otautau,612600
Clutha/Southland ,Clutha/Southland,Manapouri,612712
Clutha/Southland ,Clutha/Southland,Mossburn,612713
Clutha/Southland ,Clutha/Southland,Wairio,612720
Clutha/Southland ,Clutha/Southland,Te Waewae,612730
Clutha/Southland ,Clutha/Southland,Fairfax,612740
Clutha/Southland ,Clutha/Southland,Riverton East,612801
Clutha/Southland ,Clutha/Southland,Riverton West,612802
Clutha/Southland ,Clutha/Southland,Fiordland,612901
Clutha/Southland ,Clutha/Southland,Stewart Island,613000
Dunedin ,Caversham,Caversham,604210
Dunedin ,Caversham,Corstorphine West,604221
Dunedin ,Central Dunedin,High St-The Oval,602900
Dunedin ,Central Dunedin,High St-Stuart St,603000
Dunedin ,Central Dunedin,Stuart St-Frederick St,603100
Dunedin ,Glenleith/Roslyn/Belleknowles,Balmacewen,603720
Dunedin ,Glenleith/Roslyn/Belleknowles,Glenleith,603810
Dunedin ,Glenleith/Roslyn/Belleknowles,Helensburgh,603820
Dunedin ,Glenleith/Roslyn/Belleknowles,Wakari,603910
Dunedin ,Glenleith/Roslyn/Belleknowles,Halfway Bush,603920
Dunedin ,Glenleith/Roslyn/Belleknowles,Roslyn North,604010
Dunedin ,Glenleith/Roslyn/Belleknowles,Roslyn South,604020
Dunedin ,Glenleith/Roslyn/Belleknowles,Belleknowes,604120
Dunedin ,Kenmure/Mornington,Brockville,603930
Dunedin ,Kenmure/Mornington,Mornington,604110
Dunedin ,Kenmure/Mornington,Kenmure,604130
Dunedin ,Kew/St Clair/St Kilda East,Corstorphine East,604222
Dunedin ,Kew/St Clair/St Kilda East,Forbury,604420
Dunedin ,Kew/St Clair/St Kilda East,St Clair,604500
Dunedin ,Kew/St Clair/St Kilda East,St Kilda West,605400
Dunedin ,Kew/St Clair/St Kilda East,St Kilda East,605600
Dunedin ,Mosgiel,Wyllies Crossing,602411
Dunedin ,Mosgiel,Wingatui,602412
Dunedin ,Mosgiel,Mosgiel East,606100
Dunedin ,Mosgiel,Mosgiel South,606210
Dunedin ,Mosgiel,East Taieri,606220
Dunedin ,Mosgiel,Bush Road,606300
Dunedin ,Musselburgh/Vauxhall/Peninsula,Musselburgh,604611
Dunedin ,Musselburgh/Vauxhall/Peninsula,Andersons Bay,604612
Dunedin ,Musselburgh/Vauxhall/Peninsula,Vauxhall,604620
Dunedin ,Musselburgh/Vauxhall/Peninsula,Inner Peninsula,604810
Dunedin ,Musselburgh/Vauxhall/Peninsula,Raynbirds Bay,604821
Dunedin ,Musselburgh/Vauxhall/Peninsula,Macandrew Bay,604822
Dunedin ,Musselburgh/Vauxhall/Peninsula,Broad Bay-Portobello,604830
Dunedin ,Musselburgh/Vauxhall/Peninsula,Taiaroa-Cape Saunders,604901
Dunedin ,Musselburgh/Vauxhall/Peninsula,Sandymount,604902
Dunedin ,North Dunedin/Woodhaugh,Woodhaugh,603500
Dunedin ,North Dunedin/Woodhaugh,North Dunedin,603601
Dunedin ,North East Valley/Pinehill,North-East Valley,603300
Dunedin ,North East Valley/Pinehill,Pine Hill,603400
Dunedin ,Ravenbourne/Mt Mera/Port Chalmers,Opoho,603210
Dunedin ,Ravenbourne/Mt Mera/Port Chalmers,Forrester Park,603220
Dunedin ,Ravenbourne/Mt Mera/Port Chalmers,St Leonards-Blanket Bay,604710
Dunedin ,Ravenbourne/Mt Mera/Port Chalmers,Ravensbourne,604720
Dunedin ,Ravenbourne/Mt Mera/Port Chalmers,Sawyers Bay,605100
Dunedin ,Ravenbourne/Mt Mera/Port Chalmers,Port Chalmers,605200
Dunedin ,Rural,Hyde,601302
Dunedin ,Rural,Waikouaiti,601400
Dunedin ,Rural,Aramoana,601500
Dunedin ,Rural,Waitati,601602
Dunedin ,Rural,Evansdale,601603
Dunedin ,Rural,Karitane,601604
Dunedin ,Rural,Warrington,601605
Dunedin ,Rural,Outram,602200
Dunedin ,Rural,Middlemarch,602300
Dunedin ,Rural,Momona,602500
Dunedin ,Rural,Silverpeaks,602600
Dunedin ,South Dunedin/St Kilda,Fryatt,602800
Dunedin ,South Dunedin/St Kilda,Caledonian,604300
Dunedin ,South Dunedin/St Kilda,South Dunedin,604410
Dunedin ,South Dunedin/St Kilda,St Kilda Central,605500
Dunedin ,Sunnyvale/Abbotsford/Burnside,Fairfield,601900
Dunedin ,Sunnyvale/Abbotsford/Burnside,Brighton,602000
Dunedin ,Sunnyvale/Abbotsford/Burnside,Waldronville,602100
Dunedin ,Sunnyvale/Abbotsford/Burnside,Kaikorai Hill,602421
Dunedin ,Sunnyvale/Abbotsford/Burnside,Kaikorai Lagoon,602422
Dunedin ,Sunnyvale/Abbotsford/Burnside,Green Island Central,605800
Dunedin ,Sunnyvale/Abbotsford/Burnside,Abbotsford,605910
Dunedin ,Sunnyvale/Abbotsford/Burnside,Concord,605920
Dunedin ,University/Maori Hill,Otago University,603602
Dunedin ,University/Maori Hill,Maori Hill,603710
Far North ,Ahipara/Kaitaia,Ahipara,500205
Far North ,Ahipara/Kaitaia,Kaitaia West,500301
Far North ,Ahipara/Kaitaia,Kaitaia East,500302
Far North ,Bay Of Islands,Kerikeri,500900
Far North ,Bay Of Islands,Russell,501000
Far North ,Bay Of Islands,Paihia,501100
Far North ,Bay Of Islands,Haruru Falls,501200
Far North ,Bay Of Islands,East Opua,501300
Far North ,Bay Of Islands,Waitangi-Te Tii,501611
Far North ,Bay Of Islands,West Opua,501612
Far North ,Bay Of Islands,Bay of Islands,501613
Far North ,Kaikohe,Kaikohe,501700
Far North ,Mangonui/Kaeo,Mangonui East,500202
Far North ,Mangonui/Kaeo,Taipa Bay-Mangonui,500203
Far North ,Mangonui/Kaeo,Kaeo,500401
Far North ,Mangonui/Kaeo,Mangapa-Matauri Bay,500402
Far North ,Rural Far North,Awanui,500100
Far North ,Rural Far North,Mangonui West,500204
Far North ,Rural Far North,North Cape,500206
Far North ,Rural Far North,Houhora,500207
Far North ,Rural Far North,Motutangi-Kareponia,500208
Far North ,Rural Far North,Kohukohu,500500
Far North ,Rural Far North,Rawene,500600
Far North ,Rural Far North,Omapere and Opononi,500700
Far North ,Rural Far North,Hokianga North,500801
Far North ,Rural Far North,Hokianga South,500802
Far North ,Rural Far North,Kawakawa,501400
Far North ,Rural Far North,Moerewa,501500
Far North ,Rural Far North,Pokere-Waihaha,501620
Far North ,Rural Far North,Okaihau,501631
Far North ,Rural Far North,Ohaeawai,501632
Far North ,Rural Far North,Waihou Valley-Hupara,501633
Far North ,Rural Far North,Ngapuhi-Kaikou,501634
Franklin ,Pukekohe/Tuakau,Paerata-Cape Hill,521111
Franklin ,Pukekohe/Tuakau,Eden Road-Hill Top,521112
Franklin ,Pukekohe/Tuakau,Buckland,521113
Franklin ,Pukekohe/Tuakau,Pukekohe North,525910
Franklin ,Pukekohe/Tuakau,Pukekohe West,525921
Franklin ,Pukekohe/Tuakau,Bledisloe Park,525922
Franklin ,Pukekohe/Tuakau,Tuakau,526200
Franklin ,Rural Franklin,Redoubt,521114
Franklin ,Rural Franklin,Opuawhanga,521115
Franklin ,Rural Franklin,Patumahoe,521121
Franklin ,Rural Franklin,Kingseat,521122
Franklin ,Rural Franklin,Pokeno,521131
Franklin ,Rural Franklin,Hunua,521132
Franklin ,Rural Franklin,Mangatawhiri,521133
Franklin ,Rural Franklin,Awhitu,521151
Franklin ,Rural Franklin,Glenbrook,521152
Franklin ,Rural Franklin,Otaua,521153
Franklin ,Rural Franklin,Bombay,521160
Franklin ,Rural Franklin,Runciman,521302
Franklin ,Rural Franklin,Onewhero,526701
Franklin ,Waiuku,Waiuku,526101
Franklin ,Waiuku,South Waiuku,526102
Gisborne ,Gisborne,Mangapapa,544200
Gisborne ,Gisborne,Te Hapara,544300
Gisborne ,Gisborne,Gisborne Airport,544400
Gisborne ,Gisborne,Whataupoko,544500
Gisborne ,Gisborne,Gisborne Central,544600
Gisborne ,Gisborne,Kaiti North,544701
Gisborne ,Gisborne,Outer Kaiti,544702
Gisborne ,Gisborne,Kaiti South,544801
Gisborne ,Gisborne,Tamarau,544802
Gisborne ,Gisborne,Riverdale,544900
Gisborne ,Rural Gisborne,East Cape,543301
Gisborne ,Rural Gisborne,Ruatoria,543302
Gisborne ,Rural Gisborne,Tokomaru Bay,543303
Gisborne ,Rural Gisborne,Tarndale-Rakauroa,543601
Gisborne ,Rural Gisborne,Te Karaka,543602
Gisborne ,Rural Gisborne,Patutahi,543800
Gisborne ,Rural Gisborne,Makaraka,543901
Gisborne ,Rural Gisborne,Matokitoki,543902
Gisborne ,Rural Gisborne,Wainui,543903
Gisborne ,Rural Gisborne,Wharekaka,544001
Gisborne ,Rural Gisborne,Tiniroto,544002
Gisborne ,Rural Gisborne,Manutuke,544003
Gisborne ,Rural Gisborne,Tolaga Bay,544004
Gore ,Gore,Charlton,610010
Gore ,Gore,Chatton,610032
Gore ,Gore,Kaiwera,610033
Gore ,Gore,North Gore,610210
Gore ,Gore,East Gore,610220
Gore ,Gore,Central Gore,610230
Gore ,Gore,West Gore,610240
Gore ,Gore,South Gore,610250
Gore ,Gore,Mataura,610400
Grey ,Grey,Karoro,584800
Grey ,Grey,Kaiata,584911
Grey ,Grey,South Beach-Camerons,584912
Grey ,Grey,Blackball,584922
Grey ,Grey,Point Elizabeth,584923
Grey ,Grey,Dobson,584930
Grey ,Grey,Barrytown,584931
Grey ,Grey,Coal Creek,584932
Grey ,Grey,Atarau,584933
Grey ,Grey,Greymouth Rural,584934
Grey ,Grey,Marsden-Hohonu,584935
Grey ,Grey,Arnold Valley,584936
Grey ,Grey,Nelson Creek-Ngahere,584937
Grey ,Grey,Ahaura,584938
Grey ,Grey,Lake Brunner,584939
Grey ,Grey,Haupiri,584940
Grey ,Grey,Runanga-Rapahoe,585000
Grey ,Grey,Cobden,585110
Grey ,Grey,Blaketown,585120
Grey ,Grey,Greymouth Central,585130
Grey ,Grey,Greymouth South,585140
Hamilton ,Claudelands,Claudelands,529900
Hamilton ,Deanwell/Melville/Fitzroy,Hamilton Lake,529100
Hamilton ,Deanwell/Melville/Fitzroy,Melville,529200
Hamilton ,Deanwell/Melville/Fitzroy,Glenview,529300
Hamilton ,Deanwell/Melville/Fitzroy,Bader,530400
Hamilton ,Dinsdale North/Nawton,Nawton,528501
Hamilton ,Dinsdale North/Nawton,Brymer,528502
Hamilton ,Dinsdale North/Nawton,Dinsdale North,528601
Hamilton ,Dinsdale South/Frankton,Dinsdale South,528602
Hamilton ,Dinsdale South/Frankton,Swarbrick,529000
Hamilton ,Fairfield/Fairview Downs,Porritt,529501
Hamilton ,Fairfield/Fairview Downs,Insoll,529502
Hamilton ,Fairfield/Fairview Downs,Fairview Downs,529503
Hamilton ,Fairfield/Fairview Downs,Clarkin,529800
Hamilton ,Fairfield/Fairview Downs,Enderley,530000
Hamilton ,Flagstaff/Rototuna,Flagstaff,527006
Hamilton ,Flagstaff/Rototuna,Horsham Downs,527007
Hamilton ,Flagstaff/Rototuna,Rototuna,527008
Hamilton ,Flagstaff/Rototuna,Huntington,527009
Hamilton ,Flagstaff/Rototuna,Gordonton,527122
Hamilton ,Hamilton Central/Maeroa/Frankton Junction,Maeroa,528800
Hamilton ,Hamilton Central/Maeroa/Frankton Junction,Frankton Junction,528900
Hamilton ,Hamilton Central/Maeroa/Frankton Junction,Hamilton Central,529700
Hamilton ,Hamilton East/University,Eureka,527121
Hamilton ,Hamilton East/University,Peachgrove,530100
Hamilton ,Hamilton East/University,Hamilton East,530200
Hamilton ,Hamilton East/University,Naylor,530300
Hamilton ,Hamilton East/University,University,530500
Hamilton ,Hillcrest/Silverdale/Tamahere,Tamahere-Tauwhare,527131
Hamilton ,Hillcrest/Silverdale/Tamahere,Peacocke,527810
Hamilton ,Hillcrest/Silverdale/Tamahere,Silverdale,530600
Hamilton ,Hillcrest/Silverdale/Tamahere,Hillcrest West,530700
Hamilton ,Hillcrest/Silverdale/Tamahere,Riverlea,530800
Hamilton ,Te Kowhai/St Andrews/Queenwood,Sylvester,527005
Hamilton ,Te Kowhai/St Andrews/Queenwood,Te Kowhai,527912
Hamilton ,Te Kowhai/St Andrews/Queenwood,Bryant,528310
Hamilton ,Te Kowhai/St Andrews/Queenwood,Pukete,528320
Hamilton ,Te Kowhai/St Andrews/Queenwood,Pukete West,528402
Hamilton ,Te Kowhai/St Andrews/Queenwood,Te Rapa,528403
Hamilton ,Te Kowhai/St Andrews/Queenwood,Burbush,528405
Hamilton ,Te Kowhai/St Andrews/Queenwood,Rotokauri,528406
Hamilton ,Te Kowhai/St Andrews/Queenwood,Beerescourt,528700
Hamilton ,Te Kowhai/St Andrews/Queenwood,Queenwood,529401
Hamilton ,Te Kowhai/St Andrews/Queenwood,Chedworth,529402
Hamilton ,Te Kowhai/St Andrews/Queenwood,Chartwell,529600
Hasting ,Rural Hasting,Twyford,545710
Hasting ,Rural Hasting,Brookvale,545750
Hasting ,Rural Hasting,Irongate,545761
Hasting ,Rural Hasting,Tangoio,545811
Hasting ,Rural Hasting,Eskdale,545812
Hasting ,Rural Hasting,Sherenden-Puketapu,545821
Hasting ,Rural Hasting,Omahu,545822
Hasting ,Rural Hasting,Waiohiki,545831
Hasting ,Rural Hasting,Maraekakaho,545841
Hasting ,Rural Hasting,Bridge Pa,545842
Hasting ,Rural Hasting,Poukawa,545851
Hasting ,Rural Hasting,Pakipaki,545852
Hasting ,Rural Hasting,Waimarama,545860
Hasting ,Rural Hasting,Tutira,545911
Hasting ,Rural Hasting,Puketitiri,545912
Hasting ,Rural Hasting,Whanawhana,545913
Hastings ,Flaxmere,Woolwich,548400
Hastings ,Flaxmere,Kingsley-Chatham,548611
Hastings ,Flaxmere,Lochain,548612
Hastings ,Flaxmere,Flaxmere East,548620
Hastings ,Hastings/Clive,Karamu,545721
Hastings ,Hastings/Clive,Whakatu,545722
Hastings ,Hastings/Clive,Clive,545730
Hastings ,Hastings/Clive,Haumoana,545740
Hastings ,Hastings/Clive,Longlands South,545762
Hastings ,Hastings/Clive,Pakowhai,545832
Hastings ,Hastings/Clive,Mahora,547600
Hastings ,Hastings/Clive,St Leonards,547700
Hastings ,Hastings/Clive,Frimley,547800
Hastings ,Hastings/Clive,Raureka,547900
Hastings ,Hastings/Clive,Mayfair,548000
Hastings ,Hastings/Clive,Parkvale,548100
Hastings ,Hastings/Clive,Hastings Central,548200
Hastings ,Hastings/Clive,Akina,548300
Hastings ,Hastings/Clive,Camberley,548500
Hastings ,Havelock North,Anderson Park,548810
Hastings ,Havelock North,Iona,548820
Hastings ,Havelock North,Te Mata,548830
Hauraki ,Hauraki,Ngatea,533800
Hauraki ,Hauraki,Hauraki Plains,533901
Hauraki ,Hauraki,Turua,533902
Hauraki ,Hauraki,Kerepehi,533903
Hauraki ,Hauraki,Ohinemuri,534200
Hauraki ,Hauraki,Paeroa,534300
Hauraki ,Hauraki,Waihi,534400
Horowhenua ,Horowhenua,Foxton Beach,561300
Horowhenua ,Horowhenua,Moutoa,561500
Horowhenua ,Horowhenua,Foxton,561700
Horowhenua ,Horowhenua,Shannon,563500
Horowhenua ,Horowhenua,Waitarere,563600
Horowhenua ,Horowhenua,Tokomaru,563801
Horowhenua ,Horowhenua,Opiki,563802
Horowhenua ,Horowhenua,Lake Horowhenua,564011
Horowhenua ,Horowhenua,Waiopehu,564012
Horowhenua ,Horowhenua,Kohitere,564013
Horowhenua ,Horowhenua,Mangaore-Manakau,564021
Horowhenua ,Horowhenua,Levin North,564210
Horowhenua ,Horowhenua,Levin West,564220
Horowhenua ,Horowhenua,Playford Park,564231
Horowhenua ,Horowhenua,Levin South,564232
Horowhenua ,Horowhenua,Levin East,564240
Invercargill ,Central Invercargill/Bluff,Gladstone-Avenal,610800
Invercargill ,Central Invercargill/Bluff,Otakaro Park,611210
Invercargill ,Central Invercargill/Bluff,Crinan,611220
Invercargill ,Central Invercargill/Bluff,West Invercargill,611300
Invercargill ,Central Invercargill/Bluff,Georgetown,611400
Invercargill ,Central Invercargill/Bluff,Strathern,611602
Invercargill ,Suburbs,Makarewa,609912
Invercargill ,Suburbs,Bay Road West,609913
Invercargill ,Suburbs,Mill Road-Woodend,609914
Invercargill ,Suburbs,Bushy Point,609921
Invercargill ,Suburbs,Otatara,609922
Invercargill ,Suburbs,Oreti Beach,610052
Invercargill ,Suburbs,Myross Bush,610062
Invercargill ,Suburbs,Greenhills,610074
Invercargill ,Suburbs,Tiwai Point,610075
Invercargill ,Suburbs,Grasmere,610601
Invercargill ,Suburbs,Waikiwi,610602
Invercargill ,Suburbs,Rosedale,610700
Invercargill ,Suburbs,Windsor,610900
Invercargill ,Suburbs,Waverley-Glengarry,611001
Invercargill ,Suburbs,Hawthorndale,611002
Invercargill ,Suburbs,Richmond,611100
Invercargill ,Suburbs,Newfield-Rockdale,611500
Invercargill ,Suburbs,Heidelberg,611601
Invercargill ,Suburbs,Appleby-Kew,611700
Invercargill ,Suburbs,Kingswell-Clifton,611800
Invercargill ,Suburbs,Tisbury,611900
Invercargill ,Suburbs,Bluff,612100
Kaikoura/Hurunui ,Kaikoura/Hurunui,Lake Tennyson,580900
Kaikoura/Hurunui ,Kaikoura/Hurunui,Kaikoura Township,581400
Kaikoura/Hurunui ,Kaikoura/Hurunui,Kaikoura Rural,581500
Kaikoura/Hurunui ,Kaikoura/Hurunui,Hanmer Springs,585502
Kaikoura/Hurunui ,Kaikoura/Hurunui,Amuri,585503
Kaikoura/Hurunui ,Kaikoura/Hurunui,Culverden,585504
Kaikoura/Hurunui ,Kaikoura/Hurunui,Parnassus,585601
Kaikoura/Hurunui ,Kaikoura/Hurunui,Cheviot,585602
Kaikoura/Hurunui ,Kaikoura/Hurunui,Hurunui,585700
Kaikoura/Hurunui ,Kaikoura/Hurunui,Amberley,585802
Kaikoura/Hurunui ,Kaikoura/Hurunui,Leithfield,585803
Kaipara ,Kaipara,Te Kopuru,504400
Kaipara ,Kaipara,Kaipara Coastal,504501
Kaipara ,Kaipara,Maungaru,504502
Kaipara ,Kaipara,Dargaville,504600
Kaipara ,Kaipara,Maungaturoto,504700
Kaipara ,Kaipara,Ruawai,504800
Kaipara ,Kaipara,Kaiwaka,504900
Kaipara ,Kaipara,Rehia-Oneriri,505010
Kaipara ,Kaipara,Mangawhai,505021
Kaipara ,Kaipara,Mangawhai Heads,505022
Kapiti Coast ,Paraparaumu/Raumati,Paraparaumu Beach North,565901
Kapiti Coast ,Paraparaumu/Raumati,Otaihanga,565902
Kapiti Coast ,Paraparaumu/Raumati,Paraparaumu Beach South,565903
Kapiti Coast ,Paraparaumu/Raumati,Paraparaumu Central,566000
Kapiti Coast ,Paraparaumu/Raumati,Raumati Beach,566101
Kapiti Coast ,Paraparaumu/Raumati,Raumati South,566102
Kapiti Coast ,Paraparaumu/Raumati,Paekakariki,566200
Kapiti Coast ,Paraparaumu/Raumati,Kapiti Island,566301
Kapiti Coast ,Paraparaumu/Raumati,Maungakotukutuku,566302
Kapiti Coast ,Waikanae/Otaki,Waikanae Beach,563701
Kapiti Coast ,Waikanae/Otaki,Waikanae East,563703
Kapiti Coast ,Waikanae/Otaki,Peka Peka,563704
Kapiti Coast ,Waikanae/Otaki,Waikanae Park,563705
Kapiti Coast ,Waikanae/Otaki,Waikanae West,563706
Kapiti Coast ,Waikanae/Otaki,Kaitawa,563920
Kapiti Coast ,Waikanae/Otaki,Otaki Forks,564022
Kapiti Coast ,Waikanae/Otaki,Te Horo,564023
Kapiti Coast ,Waikanae/Otaki,Otaki,564400
Kawerau ,Kawerau,Kawerau,542600
Lower Hutt ,Eastern Bays,Gracefield,568800
Lower Hutt ,Eastern Bays,Eastbourne,570300
Lower Hutt ,Epuni/Avalon,Avalon East,568301
Lower Hutt ,Epuni/Avalon,Avalon West,568401
Lower Hutt ,Epuni/Avalon,Boulcott,568402
Lower Hutt ,Epuni/Avalon,Epuni West,568501
Lower Hutt ,Epuni/Avalon,Epuni East,568502
Lower Hutt ,Hutt Central/Waterloo,Waterloo West,568601
Lower Hutt ,Hutt Central/Waterloo,Waterloo East,568602
Lower Hutt ,Hutt Central/Waterloo,Woburn North,569001
Lower Hutt ,Hutt Central/Waterloo,Hutt Central,569100
Lower Hutt ,Moera/Waiwhetu,Waiwhetu North,568701
Lower Hutt ,Moera/Waiwhetu,Waiwhetu South,568702
Lower Hutt ,Moera/Waiwhetu,Moera,568900
Lower Hutt ,Moera/Waiwhetu,Woburn South,569002
Lower Hutt ,Petone West/Alicetown,Melling,569201
Lower Hutt ,Petone West/Alicetown,Alicetown,569202
Lower Hutt ,Petone West/Alicetown,Petone Central,569900
Lower Hutt ,Petone/Esplanade,Esplanade,570000
Lower Hutt ,Petone/Esplanade,Wilford,570100
Lower Hutt ,Stokes Valley,Tawhai,568101
Lower Hutt ,Stokes Valley,Holborn,568102
Lower Hutt ,Stokes Valley,Delaney,568103
Lower Hutt ,Stokes Valley,Manuka,568104
Lower Hutt ,Taita/Naenae,Taita North,568201
Lower Hutt ,Taita/Naenae,Taita South,568202
Lower Hutt ,Taita/Naenae,Naenae North,568302
Lower Hutt ,Taita/Naenae,Naenae South,568303
Lower Hutt ,Wainuiomata,Glendale,564800
Lower Hutt ,Wainuiomata,Parkway,564900
Lower Hutt ,Wainuiomata,Fernlea,565000
Lower Hutt ,Wainuiomata,Arakura,565100
Lower Hutt ,Wainuiomata,Homedale West,565200
Lower Hutt ,Wainuiomata,Homedale East,565300
Lower Hutt ,Wainuiomata,Pencarrow,565400
Lower Hutt ,Western Hills/Haywards,Normandale,569301
Lower Hutt ,Western Hills/Haywards,Maungaraki,569302
Lower Hutt ,Western Hills/Haywards,Belmont,569400
Lower Hutt ,Western Hills/Haywards,Kelson,569500
Lower Hutt ,Western Hills/Haywards,Haywards-Manor Park,569600
Lower Hutt ,Western Hills/Haywards,Korokoro,569800
MacKenzie/Waimate ,MacKenzie/Waimate,Twizel Community,600100
MacKenzie/Waimate ,MacKenzie/Waimate,Fairlie,600200
MacKenzie/Waimate ,MacKenzie/Waimate,Mt Cook,600312
MacKenzie/Waimate ,MacKenzie/Waimate,Lake Tekapo,600320
MacKenzie/Waimate ,MacKenzie/Waimate,Mackenzie,600323
MacKenzie/Waimate ,MacKenzie/Waimate,Waihao,600410
MacKenzie/Waimate ,MacKenzie/Waimate,St Andrews,600420
MacKenzie/Waimate ,MacKenzie/Waimate,Waimate,600500
Manawatu ,Manawatu,Kiwitea,559700
Manawatu ,Manawatu,Pohangina,560000
Manawatu ,Manawatu,Stoney Creek,560301
Manawatu ,Manawatu,Oroua Bridge,560411
Manawatu ,Manawatu,Maewa,560412
Manawatu ,Manawatu,Halcombe,560421
Manawatu ,Manawatu,Tokorangi-Hiwinui,560422
Manawatu ,Manawatu,Feilding North,560710
Manawatu ,Manawatu,Feilding West,560720
Manawatu ,Manawatu,Feilding Central,560730
Manawatu ,Manawatu,Feilding East,560740
Manawatu ,Manawatu,Sanson,560900
Manawatu ,Manawatu,Rongotea,561000
Manawatu ,Manawatu,Tangimoana,561100
Manawatu ,Manawatu,Himatangi Beach,561200
Manawatu ,Manawatu,Rakiraki,561410
Manawatu ,Manawatu,Ohakea,561421
Manawatu ,Manawatu,Oroua Downs-Waitohi,561422
Manawatu ,Manawatu,Kairanga,561811
Manawatu ,Manawatu,Longburn,561812
Manawatu ,Manawatu,Kauwhata,561901
Manukau ,Botony Downs,Botany Downs,523101
Manukau ,Botony Downs,Maungamaungaroa,523102
Manukau ,Botony Downs,Golfland,523105
Manukau ,Botony Downs,Millhouse,523106
Manukau ,Botony Downs,Kilkenny,523110
Manukau ,Bucklands Beach,Bucklands and Eastern Beaches,522601
Manukau ,Bucklands Beach,Bucklands Beach South,522602
Manukau ,Bucklands Beach,Bleakhouse,522603
Manukau ,Dannemora,East Tamaki,523108
Manukau ,Dannemora,Dannemora,523109
Manukau ,Dannemora,Point View,523111
Manukau ,Half Moon Bay/Farm Cove,Elsmore Park,522723
Manukau ,Half Moon Bay/Farm Cove,Half Moon Bay,522730
Manukau ,Half Moon Bay/Farm Cove,Pakuranga North,522810
Manukau ,Half Moon Bay/Farm Cove,Burswood,523107
Manukau ,Highland Park,Howick West,521601
Manukau ,Highland Park,Pigeon Mountain North,522711
Manukau ,Highland Park,Murvale,522712
Manukau ,Highland Park,Pigeon Mountain South,522721
Manukau ,Highland Park,Aberfeldy,522722
Manukau ,Howick,Mellons Bay,521501
Manukau ,Howick,Cockle Bay,521502
Manukau ,Howick,Howick Central,521602
Manukau ,Howick,Shelly Park,523201
Manukau ,Mangere,Mangere Central,524111
Manukau ,Mangere,Mascot,524112
Manukau ,Mangere,Arahanga,524121
Manukau ,Mangere,Viscount,524122
Manukau ,Mangere,Favona,524401
Manukau ,Mangere,Harania North,524510
Manukau ,Mangere,Harania West,524520
Manukau ,Mangere Bridge/Airport,Ambury,524001
Manukau ,Mangere Bridge/Airport,Mangere Bridge,524002
Manukau ,Mangere Bridge/Airport,Mangere South,524200
Manukau ,Mangere East,Mangere East,524301
Manukau ,Mangere East,Aorere,524302
Manukau ,Mangere East,Mangere Station,524402
Manukau ,Mangere East,Harania East,524530
Manukau ,Manukau Central,Redoubt North,523722
Manukau ,Manukau Central,Manukau Central,524601
Manukau ,Manukau Central,Wiri,524602
Manukau ,Manukau Heights and Manurewa Heights,Donegal Park,523712
Manukau ,Manukau Heights and Manurewa Heights,Totara Heights,523814
Manukau ,Manukau Heights and Manurewa Heights,Wairere,523815
Manukau ,Manukau Heights and Manurewa Heights,Redoubt South,523820
Manukau ,Manurewa North,Randwick Park,523816
Manukau ,Manurewa North,Hyperion,523817
Manukau ,Manurewa North,Burbank,524711
Manukau ,Manurewa North,Homai West,524712
Manukau ,Manurewa North,Rowandale,524713
Manukau ,Manurewa North,Homai East,524720
Manukau ,Manurewa North,Clendon,524820
Manukau ,Manurewa North,Hillpark,524901
Manukau ,Manurewa North,Manurewa East,524902
Manukau ,Manurewa North,Manurewa Central,525001
Manukau ,Manurewa North,Beaumont,525002
Manukau ,Manurewa North,Leabank,525101
Manukau ,Maraetai/Clevedon,Turanga,523202
Manukau ,Maraetai/Clevedon,Beachlands-Maraetai,523300
Manukau ,Maraetai/Clevedon,Ormiston,523713
Manukau ,Maraetai/Clevedon,Clevedon,525200
Manukau ,Otara,Otara West,523402
Manukau ,Otara,Otara North,523501
Manukau ,Otara,Otara East,523502
Manukau ,Otara,Otara South,523601
Manukau ,Otara,Ferguson,523602
Manukau ,Otara,Flat Bush,523711
Manukau ,Otara,Clover Park,523721
Manukau ,Pakuranga,Sunnyhills,522820
Manukau ,Pakuranga,Pakuranga Central,522910
Manukau ,Pakuranga,Edgewater,522920
Manukau ,Pakuranga,Pakuranga East,523000
Manukau ,Papatoetoe North,Middlemore,521902
Manukau ,Papatoetoe North,Papatoetoe North,522201
Manukau ,Papatoetoe North,Dingwall,522301
Manukau ,Papatoetoe North,Grange,523401
Manukau ,Papatoetoe South,Papatoetoe Central,522202
Manukau ,Papatoetoe South,Papatoetoe East,522302
Manukau ,Papatoetoe South,Puhinui,522400
Manukau ,Papatoetoe West,Papatoetoe West,522100
Manukau ,Papatoetoe West,Kohuora,524303
Manukau ,Wattle Downs/Conifer Grove,Takanini West,523920
Manukau ,Wattle Downs/Conifer Grove,Wattle Farm,525102
Manukau ,Weymouth,Weymouth,524810
Marlborough ,Blenheim Central,Mayfield,581220
Marlborough ,Blenheim Central,Blenheim Central,581230
Marlborough ,Blenheim Central,Whitney,581240
Marlborough ,Blenheim Central,Redwoodtown,581250
Marlborough ,Blenheim Outer/Renwick,Renwick,580300
Marlborough ,Blenheim Outer/Renwick,Woodbourne,580410
Marlborough ,Blenheim Outer/Renwick,Omaka,580420
Marlborough ,Blenheim Outer/Renwick,Spring Creek-Riverlands,580430
Marlborough ,Blenheim Outer/Renwick,Springlands,581210
Marlborough ,Blenheim Outer/Renwick,Witherlea,581260
Marlborough ,Sounds/Rural Marlborough,Havelock,580200
Marlborough ,Sounds/Rural Marlborough,Waikawa,580442
Marlborough ,Sounds/Rural Marlborough,Wairau,580444
Marlborough ,Sounds/Rural Marlborough,Marlborough Sounds Terrestrial,580446
Marlborough ,Sounds/Rural Marlborough,Severn,580600
Marlborough ,Sounds/Rural Marlborough,Ward,580801
Marlborough ,Sounds/Rural Marlborough,Seddon,580802
Marlborough ,Sounds/Rural Marlborough,Picton,581100
Masterton ,Masterton,Homebush-Te Ore Ore,578301
Masterton ,Masterton,Opaki-Fernridge,578302
Masterton ,Masterton,Kopuaranga,578401
Masterton ,Masterton,Whareama,578402
Masterton ,Masterton,Masterton Central,578600
Masterton ,Masterton,Masterton West,578700
Masterton ,Masterton,Masterton East,578800
Masterton ,Masterton,Solway North,578901
Masterton ,Masterton,Solway South,578902
Masterton ,Masterton,Ngaumutawa,579000
Masterton ,Masterton,Masterton Railway,579100
Masterton ,Masterton,Lansdowne,579200
Matamata/Paiko ,Matamata/Paiko,Tahuroa,534500
Matamata/Paiko ,Matamata/Paiko,Waitoa,534602
Matamata/Paiko ,Matamata/Paiko,Springdale,534603
Matamata/Paiko ,Matamata/Paiko,Waihou-Walton,534604
Matamata/Paiko ,Matamata/Paiko,Te Aroha,534800
Matamata/Paiko ,Matamata/Paiko,Morrinsville West,534901
Matamata/Paiko ,Matamata/Paiko,Morrinsville East,534902
Matamata/Paiko ,Matamata/Paiko,Waharoa,535000
Matamata/Paiko ,Matamata/Paiko,Okauia,535220
Matamata/Paiko ,Matamata/Paiko,Te Poi,535231
Matamata/Paiko ,Matamata/Paiko,Hinuera,535242
Matamata/Paiko ,Matamata/Paiko,Matamata,535500
Napier ,Napier,Bay View,545611
Napier ,Napier,Poraiti,545621
Napier ,Napier,Westshore,546100
Napier ,Napier,Ahuriri,546200
Napier ,Napier,Onekawa Central,546300
Napier ,Napier,Onekawa West,546400
Napier ,Napier,Onekawa South,546500
Napier ,Napier,Marewa,546600
Napier ,Napier,Maraenui,546700
Napier ,Napier,Hospital Hill,546801
Napier ,Napier,Bluff Hill,546802
Napier ,Napier,Nelson Park,546901
Napier ,Napier,Mclean Park,546902
Napier ,Napier,Tamatea North,547001
Napier ,Napier,Tamatea South,547002
Napier ,Napier,Pirimai,547400
Napier ,Taradale/Awatoto,Meeanee,545631
Napier ,Taradale/Awatoto,Awatoto,545632
Napier ,Taradale/Awatoto,Greenmeadows,547100
Napier ,Taradale/Awatoto,Taradale North,547200
Napier ,Taradale/Awatoto,Taradale South,547300
Nelson ,Nelson Central/Nelson North,Glenduan,581713
Nelson ,Nelson Central/Nelson North,Whangamoa,581812
Nelson ,Nelson Central/Nelson North,Clifton,582000
Nelson ,Nelson Central/Nelson North,Atawhai,582100
Nelson ,Nelson Central/Nelson North,The Wood,582300
Nelson ,Nelson Central/Nelson North,Trafalgar,582500
Nelson ,Nelson Central/Nelson North,Maitai,582600
Nelson ,Nelson Central/Nelson North,Kirks,582700
Nelson ,Nelson Central/Nelson North,Bronte,582800
Nelson ,Nelson Central/Nelson North,Atmore,582900
Nelson ,Nelson Central/Nelson North,Toi Toi,583201
Nelson ,Nelson Central/Nelson North,Broads,583202
Nelson ,Nelson Central/Nelson North,Grampians,583300
Nelson ,Nelson Central/Nelson North,The Brook,583400
Nelson ,Port Hills/Tahuna Hills,Port Nelson,582200
Nelson ,Port Hills/Tahuna Hills,Britannia Heights,582400
Nelson ,Port Hills/Tahuna Hills,Tahuna Hills,583100
Nelson ,Stoke/Nayland/Tahunanui,Ngawhatu,581715
Nelson ,Stoke/Nayland/Tahunanui,Saxton,581723
Nelson ,Stoke/Nayland/Tahunanui,Tahunanui,583000
Nelson ,Stoke/Nayland/Tahunanui,Nelson Airport,583500
Nelson ,Stoke/Nayland/Tahunanui,Nayland,583600
Nelson ,Stoke/Nayland/Tahunanui,Enner Glynn,583700
Nelson ,Stoke/Nayland/Tahunanui,Maitlands,583800
Nelson ,Stoke/Nayland/Tahunanui,Isel Park,583900
Nelson ,Stoke/Nayland/Tahunanui,Langbein,584000
New Plymouth ,New Plymouth Central/Moturoa,Moturoa,551400
New Plymouth ,New Plymouth Central/Moturoa,Lynmouth,551501
New Plymouth ,New Plymouth Central/Moturoa,Spotswood,551502
New Plymouth ,New Plymouth Central/Moturoa,Marfell,551503
New Plymouth ,New Plymouth Central/Moturoa,New Plymouth Central,551800
New Plymouth ,New Plymouth Central/Moturoa,Kawaroa,551900
New Plymouth ,Outer New Plymouth,Oakura,550800
New Plymouth ,Outer New Plymouth,Bell Block,550901
New Plymouth ,Outer New Plymouth,Paraite,550902
New Plymouth ,Outer New Plymouth,Glen Avon,551012
New Plymouth ,Outer New Plymouth,Bowden,551013
New Plymouth ,Outer New Plymouth,Mangaoraka,551014
New Plymouth ,Outer New Plymouth,Carrington,551021
New Plymouth ,Outer New Plymouth,Highlands Park,551022
New Plymouth ,Outer New Plymouth,Fernleigh,551023
New Plymouth ,Outer New Plymouth,Barrett,551024
New Plymouth ,Outer New Plymouth,Omata,551030
New Plymouth ,Outer New Plymouth,Upper Westown,551600
New Plymouth ,Outer New Plymouth,Westown,551700
New Plymouth ,Outer New Plymouth,Mount Bryan,552001
New Plymouth ,Outer New Plymouth,Marsland Hill,552002
New Plymouth ,Outer New Plymouth,Fitzroy,552100
New Plymouth ,Outer New Plymouth,Welbourn,552200
New Plymouth ,Outer New Plymouth,Merrilands,552300
New Plymouth ,Outer New Plymouth,Frankleigh,552400
New Plymouth ,Outer New Plymouth,Struan Park,552500
New Plymouth ,Rural New Plymouth,Urenui,550600
New Plymouth ,Rural New Plymouth,Okoki-Okau,550700
New Plymouth ,Rural New Plymouth,Lepperton,551111
New Plymouth ,Rural New Plymouth,Kaitake,551112
New Plymouth ,Rural New Plymouth,Okato,551120
New Plymouth ,Rural New Plymouth,Egmont Village,552701
New Plymouth ,Rural New Plymouth,Kaimata,552702
New Plymouth ,Waitara/Inglewood,Waitara West,551301
New Plymouth ,Waitara/Inglewood,Waitara East,551302
New Plymouth ,Waitara/Inglewood,Inglewood,552800
North Shore ,Albany,Albany,508701
North Shore ,Albany,Northcross,508702
North Shore ,Beachhaven/Birkdale,Windy Ridge,508220
North Shore ,Beachhaven/Birkdale,Beachhaven North,510010
North Shore ,Beachhaven/Birkdale,Beachhaven South,510020
North Shore ,Beachhaven/Birkdale,Birkdale North,510210
North Shore ,Beachhaven/Birkdale,Birkdale South,510220
North Shore ,Browns Bay,Browns Bay,507101
North Shore ,Browns Bay,Oaktree,507102
North Shore ,Chatswood/Birkenhead/Northcote Point,Northcote South,509800
North Shore ,Chatswood/Birkenhead/Northcote Point,Kauri Park,510401
North Shore ,Chatswood/Birkenhead/Northcote Point,Chelsea,510402
North Shore ,Chatswood/Birkenhead/Northcote Point,Birkenhead East,510500
North Shore ,Devonport,Bayswater,508120
North Shore ,Devonport,Narrow Neck,509300
North Shore ,Devonport,Mt Victoria,509400
North Shore ,Devonport,Stanley Bay,509500
North Shore ,East Coast Bays,Campbells Bay,507500
North Shore ,East Coast Bays,Castor Bay,507710
North Shore ,East Coast Bays,Crown Hill,507720
North Shore ,East Coast Bays,Lake Pupuke,507800
North Shore ,Glendhu/Glenfield,Kaipatiki,508210
North Shore ,Glendhu/Glenfield,Glenfield Central,508310
North Shore ,Glendhu/Glenfield,Glendhu,508411
North Shore ,Glendhu/Glenfield,Witheford,508412
North Shore ,Greenhithe/Unsworth Heights,Unsworth Heights,508803
North Shore ,Greenhithe/Unsworth Heights,Greenhithe,509100
North Shore ,Hillcrest/Northcote,Monarch Park,508610
North Shore ,Hillcrest/Northcote,Sunnybrae,508620
North Shore ,Hillcrest/Northcote,Ocean View,509701
North Shore ,Hillcrest/Northcote,Tuff Crater,509702
North Shore ,North Harbour/Pine Hill,North Harbour,508801
North Shore ,North Harbour/Pine Hill,Pinehill,508802
North Shore ,Rothesay/Murrays/Mairangi Bays,Rothesay Bay,507200
North Shore ,Rothesay/Murrays/Mairangi Bays,Murrays Bay,507300
North Shore ,Rothesay/Murrays/Mairangi Bays,Mairangi Bay,507400
North Shore ,Sunnynook/Westlake,Westlake,507900
North Shore ,Sunnynook/Westlake,Forrest Hill,508510
North Shore ,Sunnynook/Westlake,Sunnynook,508520
North Shore ,Takapuna,Takapuna Central,508010
North Shore ,Takapuna,Hauraki,508020
North Shore ,Takapuna,Seacliffe,508110
North Shore ,Torbay,Awaruku,506901
North Shore ,Torbay,Glamorgan,506902
North Shore ,Torbay,Torbay,506903
North Shore ,Torbay,Waiake,507000
North Shore ,Wairau Park/Glenfield North,Glenfield North,508320
North Shore ,Wairau Park/Glenfield North,Target Road,508420
Opotiki ,Opotiki,Opotiki,542800
Opotiki ,Opotiki,Te Kaha,542901
Opotiki ,Opotiki,Cape Runaway,542903
Opotiki ,Opotiki,Oponae,542904
Opotiki ,Opotiki,Ohiwa Harbour,542905
Opotiki ,Opotiki,Waiotahi,542906
Otorohanga/Waitomo ,Otorohanga/Waitomo,Kawhia Community,531100
Otorohanga/Waitomo ,Otorohanga/Waitomo,Otorohanga,531200
Otorohanga/Waitomo ,Otorohanga/Waitomo,Otorohanga Rural West,531301
Otorohanga/Waitomo ,Otorohanga/Waitomo,Te Kawa,531303
Otorohanga/Waitomo ,Otorohanga/Waitomo,Otorohanga Rural East,531304
Otorohanga/Waitomo ,Otorohanga/Waitomo,Piopio Community,531500
Otorohanga/Waitomo ,Otorohanga/Waitomo,Taharoa,531600
Otorohanga/Waitomo ,Otorohanga/Waitomo,Mahoenui,531710
Otorohanga/Waitomo ,Otorohanga/Waitomo,Marokopa,531720
Otorohanga/Waitomo ,Otorohanga/Waitomo,Waipa Valley,531731
Otorohanga/Waitomo ,Otorohanga/Waitomo,Tiroa,531732
Otorohanga/Waitomo ,Otorohanga/Waitomo,Mokauiti,531800
Otorohanga/Waitomo ,Otorohanga/Waitomo,Te Kuiti,532000
Palmerston North ,Awapuni North and West,Awapuni North,562910
Palmerston North ,Awapuni North and West,Awapuni West,562921
Palmerston North ,Awapuni South/Westend,Awapuni South,562922
Palmerston North ,Awapuni South/Westend,West End,563000
Palmerston North ,Highbury/Westbrook,Highbury,562710
Palmerston North ,Highbury/Westbrook,Westbrook,562720
Palmerston North ,Hokowhitu West and Lagoon,Hokowhitu West,563101
Palmerston North ,Hokowhitu West and Lagoon,Hokowhitu Lagoon,563102
Palmerston North ,Hospital/Papaeoia,Palmerston North Hospital,562401
Palmerston North ,Hospital/Papaeoia,Papaeoia,562402
Palmerston North ,Kelvin Grove/Roslyn,Kelvin Grove,562200
Palmerston North ,Kelvin Grove/Roslyn,Roslyn,562500
Palmerston North ,Massey/Linton/Ashhurst,Ashhurst,560200
Palmerston North ,Massey/Linton/Ashhurst,Whakarongo,560302
Palmerston North ,Massey/Linton/Ashhurst,Massey University,561813
Palmerston North ,Massey/Linton/Ashhurst,Linton Military Camp,561820
Palmerston North ,Massey/Linton/Ashhurst,Turitea,561902
Palmerston North ,Massey/Linton/Ashhurst,Aokautere,563300
Palmerston North ,Palmerston North Central,Palmerston North Central,562800
Palmerston North ,Takaro/Cloverlea/Milson,Milson,562100
Palmerston North ,Takaro/Cloverlea/Milson,Takaro,562310
Palmerston North ,Takaro/Cloverlea/Milson,Cloverlea,562320
Palmerston North ,Terrace End/Hokowhitu East,Terrace End,562600
Palmerston North ,Terrace End/Hokowhitu East,Hokowhitu East,563200
Papakura ,Papakura/Drury/Karaka,Hingaia,521201
Papakura ,Papakura/Drury/Karaka,Whangapouri Creek,521202
Papakura ,Papakura/Drury/Karaka,Bremner,521203
Papakura ,Papakura/Drury/Karaka,Drury,521301
Papakura ,Papakura/Drury/Karaka,Papakura Central,525410
Papakura ,Papakura/Drury/Karaka,Papakura North,525420
Papakura ,Papakura/Drury/Karaka,Papakura South,525510
Papakura ,Papakura/Drury/Karaka,Opaheke,525520
Papakura ,Papakura/Drury/Karaka,Rosehill,525530
Papakura ,Papakura/Drury/Karaka,Pahurehure,525540
Papakura ,Papakura/Drury/Karaka,Papakura East,525610
Papakura ,Papakura/Drury/Karaka,Massey Park,525620
Papakura ,Papakura/Drury/Karaka,North East Papakura,525630
Papakura ,Papakura/Drury/Karaka,Red Hill,525700
Papakura ,Takanini/Ardmore,Ardmore,523813
Papakura ,Takanini/Ardmore,Takanini North,523911
Papakura ,Takanini/Ardmore,Takanini South,523912
Porirua ,Papakowhai/Whitby/Pauatahanui,Pauatahanui,565601
Porirua ,Papakowhai/Whitby/Pauatahanui,Endeavour,565602
Porirua ,Papakowhai/Whitby/Pauatahanui,Resolution,565603
Porirua ,Papakowhai/Whitby/Pauatahanui,Adventure,565604
Porirua ,Papakowhai/Whitby/Pauatahanui,Papakowhai,571500
Porirua ,Papakowhai/Whitby/Pauatahanui,Ascot Park,571600
Porirua ,Papakowhai/Whitby/Pauatahanui,Discovery,572200
Porirua ,Paramata/Mana/Pukerua Bay,Paekakariki Hill,565700
Porirua ,Paramata/Mana/Pukerua Bay,Pukerua Bay,571800
Porirua ,Paramata/Mana/Pukerua Bay,Plimmerton,571900
Porirua ,Paramata/Mana/Pukerua Bay,Mana-Camborne,572000
Porirua ,Paramata/Mana/Pukerua Bay,Paremata-Postgate,572100
Porirua ,Porirua East/Waitangirua,Porirua East,570900
Porirua ,Porirua East/Waitangirua,Ranui Heights,571000
Porirua ,Porirua East/Waitangirua,Cannons Creek North,571100
Porirua ,Porirua East/Waitangirua,Cannons Creek South,571200
Porirua ,Porirua East/Waitangirua,Cannons Creek East,571300
Porirua ,Porirua East/Waitangirua,Waitangirua,571400
Porirua ,Titahi Bay/Onepoto/Elsdon,Titahi Bay North,570400
Porirua ,Titahi Bay/Onepoto/Elsdon,Onepoto,570500
Porirua ,Titahi Bay/Onepoto/Elsdon,Titahi Bay South,570600
Porirua ,Titahi Bay/Onepoto/Elsdon,Elsdon-Takapuwahia,570700
Porirua ,Titahi Bay/Onepoto/Elsdon,Porirua Central,570800
Queenstown Lakes ,Queenstown/Frankton/Arrowtown,Frankton,608700
Queenstown Lakes ,Queenstown/Frankton/Arrowtown,Glenorchy,609012
Queenstown Lakes ,Queenstown/Frankton/Arrowtown,Kelvin Heights,609022
Queenstown Lakes ,Queenstown/Frankton/Arrowtown,Sunshine Bay,609023
Queenstown Lakes ,Queenstown/Frankton/Arrowtown,Skippers,609026
Queenstown Lakes ,Queenstown/Frankton/Arrowtown,Lake Hayes,609028
Queenstown Lakes ,Queenstown/Frankton/Arrowtown,Arrowtown,609200
Queenstown Lakes ,Queenstown/Frankton/Arrowtown,Earnslaw,609302
Queenstown Lakes ,Queentown Central,Queenstown Bay,609301
Queenstown Lakes ,Wanaka,Hawea,608304
Queenstown Lakes ,Wanaka,Wanaka,608800
Queenstown Lakes ,Wanaka,Matukituki,609029
Rangitikei ,Rangitikei,Mangaweka,558600
Rangitikei ,Rangitikei,Hunterville,558700
Rangitikei ,Rangitikei,Ratana Community,558800
Rangitikei ,Rangitikei,Bulls,558900
Rangitikei ,Rangitikei,Ngamatea,559000
Rangitikei ,Rangitikei,Moawhango,559210
Rangitikei ,Rangitikei,Pohonui-Porewa,559220
Rangitikei ,Rangitikei,Lake Alice,559230
Rangitikei ,Rangitikei,Koitiata,559240
Rangitikei ,Rangitikei,Taihape,559400
Rangitikei ,Rangitikei,Marton,559500
Rodney ,Gulf Harbour,Army Bay,505904
Rodney ,Gulf Harbour,Gulf Harbour,505905
Rodney ,Orewa/Whangaparaoa,Red Beach,505802
Rodney ,Orewa/Whangaparaoa,Waiwera,505803
Rodney ,Orewa/Whangaparaoa,Hatfields Beach,505804
Rodney ,Orewa/Whangaparaoa,Orewa,505805
Rodney ,Orewa/Whangaparaoa,Stanmore Bay,505901
Rodney ,Orewa/Whangaparaoa,Manly,505902
Rodney ,Orewa/Whangaparaoa,Silverdale South,506000
Rodney ,Orewa/Whangaparaoa,Silverdale North,506200
Rodney ,Orewa/Whangaparaoa,Dairy Flat-Redvale,506300
Rodney ,Orewa/Whangaparaoa,Tahekeroa,506614
Rodney ,Orewa/Whangaparaoa,Long Bay,508900
Rodney ,Rewiti/Kumeu/Riverhead,Kumeu,505600
Rodney ,Rewiti/Kumeu/Riverhead,Paremoremo West,506400
Rodney ,Rewiti/Kumeu/Riverhead,Rewiti,506652
Rodney ,Rewiti/Kumeu/Riverhead,Riverhead,506653
Rodney ,Rewiti/Kumeu/Riverhead,Paremoremo East,509000
Rodney ,Wellsford/Warkworth/Helensville,Wellsford,505300
Rodney ,Wellsford/Warkworth/Helensville,Leigh,505400
Rodney ,Wellsford/Warkworth/Helensville,Warkworth,505500
Rodney ,Wellsford/Warkworth/Helensville,Tauhoa-Puhoi,506613
Rodney ,Wellsford/Warkworth/Helensville,Cape Rodney,506615
Rodney ,Wellsford/Warkworth/Helensville,Matheson Bay,506616
Rodney ,Wellsford/Warkworth/Helensville,Snells Beach,506631
Rodney ,Wellsford/Warkworth/Helensville,Algies Bay-Mahurangi,506632
Rodney ,Wellsford/Warkworth/Helensville,Parakai,506641
Rodney ,Wellsford/Warkworth/Helensville,South Head,506642
Rodney ,Wellsford/Warkworth/Helensville,Kaukapakapa,506643
Rodney ,Wellsford/Warkworth/Helensville,Helensville,506800
Rotorua ,Holdens Bay/Owhata/Ngapuna,Poets Corner,538721
Rotorua ,Holdens Bay/Owhata/Ngapuna,Ngapuna,538722
Rotorua ,Holdens Bay/Owhata/Ngapuna,Owhata South,538731
Rotorua ,Holdens Bay/Owhata/Ngapuna,Lynmore,538732
Rotorua ,Holdens Bay/Owhata/Ngapuna,Owhata West,538741
Rotorua ,Holdens Bay/Owhata/Ngapuna,Owhata East,538742
Rotorua ,Kuirau/Hillcrest/Glenholme,Utuhina,539700
Rotorua ,Kuirau/Hillcrest/Glenholme,Hillcrest,539900
Rotorua ,Kuirau/Hillcrest/Glenholme,Ohinemutu,540300
Rotorua ,Kuirau/Hillcrest/Glenholme,Kuirau,540410
Rotorua ,Kuirau/Hillcrest/Glenholme,Victoria,540420
Rotorua ,Kuirau/Hillcrest/Glenholme,Glenholme East,540510
Rotorua ,Kuirau/Hillcrest/Glenholme,Glenholme West,540520
Rotorua ,Kuirau/Hillcrest/Glenholme,Fenton,540600
Rotorua ,Kuirau/Hillcrest/Glenholme,Whaka,540700
Rotorua ,Ngongotaha/Pleasant Heights/Koutu,Ngongotaha North,538601
Rotorua ,Ngongotaha/Pleasant Heights/Koutu,Ngongotaha South,538602
Rotorua ,Ngongotaha/Pleasant Heights/Koutu,Selwyn Heights,539000
Rotorua ,Ngongotaha/Pleasant Heights/Koutu,Western Heights,539100
Rotorua ,Ngongotaha/Pleasant Heights/Koutu,Fairy Springs,539200
Rotorua ,Ngongotaha/Pleasant Heights/Koutu,Pukehangi North,539310
Rotorua ,Ngongotaha/Pleasant Heights/Koutu,Mangakakahi,539400
Rotorua ,Ngongotaha/Pleasant Heights/Koutu,Fordlands,539600
Rotorua ,Ngongotaha/Pleasant Heights/Koutu,Kawaha Point,540100
Rotorua ,Ngongotaha/Pleasant Heights/Koutu,Koutu,540200
Rotorua ,Pukehangi South/Springfield,Pukehangi South,539320
Rotorua ,Pukehangi South/Springfield,Sunnybrook,539500
Rotorua ,Pukehangi South/Springfield,Pomare,539800
Rotorua ,Pukehangi South/Springfield,Springfield,540000
Rotorua ,Rural Rotorua,Hamurana,538811
Rotorua ,Rural Rotorua,Tikitere,538820
Rotorua ,Rural Rotorua,Kaingaroa Forest,538831
Rotorua ,Rural Rotorua,Tarawera,538832
Rotorua ,Rural Rotorua,Golden Springs,538841
Rotorua ,Rural Rotorua,Reporoa,538842
Rotorua ,Rural Rotorua,Ngakuru,538850
Rotorua ,Rural Rotorua,Arahiwi,538861
Rotorua ,Rural Rotorua,Waiwhero,538863
Rotorua ,Rural Rotorua,Mamaku,538864
Ruapehu ,Ruapehu,Owhango,532300
Ruapehu ,Ruapehu,Ohura,532400
Ruapehu ,Ruapehu,Ngapuke,532501
Ruapehu ,Ruapehu,Raurimu,532601
Ruapehu ,Ruapehu,National Park,532602
Ruapehu ,Ruapehu,Otangiwai-Heao,532700
Ruapehu ,Ruapehu,Tarrangower,532901
Ruapehu ,Ruapehu,Taumarunui Central,532902
Ruapehu ,Ruapehu,Sunshine-Hospital Hill,532903
Ruapehu ,Ruapehu,Manunui,532904
Ruapehu ,Ruapehu,Tangiwai,554900
Ruapehu ,Ruapehu,Ohakune,555000
Ruapehu ,Ruapehu,Raetihi,555100
Ruapehu ,Ruapehu,Waiouru,558500
South Taranaki ,Hawera,Normanby,553900
South Taranaki ,Hawera,Hawera North,554010
South Taranaki ,Hawera,Hawera South,554020
South Taranaki ,Hawera,Ohawe Beach,554111
South Taranaki ,Hawera,Tawhiti,554113
South Taranaki ,Hawera,Waingongoro,554114
South Taranaki ,Hawera,Hawera West,554115
South Taranaki ,Rural South Taranaki,Opunake,553200
South Taranaki ,Rural South Taranaki,Rahotu,553301
South Taranaki ,Rural South Taranaki,Kahui,553302
South Taranaki ,Rural South Taranaki,Kaponga,553400
South Taranaki ,Rural South Taranaki,Mangatoki-Moeroa,553500
South Taranaki ,Rural South Taranaki,Eltham,553601
South Taranaki ,Rural South Taranaki,Kapuni,553700
South Taranaki ,Rural South Taranaki,Manaia,553800
South Taranaki ,Rural South Taranaki,Ohangai,554120
South Taranaki ,Rural South Taranaki,Okaiawa,554130
South Taranaki ,Rural South Taranaki,Waitotara,554300
South Taranaki ,Rural South Taranaki,Whenuakura,554400
South Taranaki ,Rural South Taranaki,Makakaho,554500
South Taranaki ,Rural South Taranaki,Patea,554700
South Taranaki ,Rural South Taranaki,Waverley,554800
South Waikato ,South Waikato,Tirau,535100
South Waikato ,South Waikato,Mangakaretu,535211
South Waikato ,South Waikato,Kinleith,535212
South Waikato ,South Waikato,Tapapa,535232
South Waikato ,South Waikato,Arapuni,535250
South Waikato ,South Waikato,Lichfield,535261
South Waikato ,South Waikato,Wawa,535262
South Waikato ,South Waikato,Paraonui,535310
South Waikato ,South Waikato,Parkdale,535320
South Waikato ,South Waikato,Matarawa,535330
South Waikato ,South Waikato,Stanley Park,535340
South Waikato ,South Waikato,Tokoroa Central,535350
South Waikato ,South Waikato,Aotea,535360
South Waikato ,South Waikato,Strathmore,535370
South Waikato ,South Waikato,Amisfield,535380
South Waikato ,South Waikato,Putaruru,535600
Stratford ,Stratford,Midhirst,552900
Stratford ,Stratford,Whangamomona,553001
Stratford ,Stratford,Douglas,553002
Stratford ,Stratford,Toko,553003
Stratford ,Stratford,Pembroke,553004
Stratford ,Stratford,Stratford West,553101
Stratford ,Stratford,Stratford East,553102
Tararua ,Tararua,Norsewood-Herbertville,549800
Tararua ,Tararua,Owahanga,549901
Tararua ,Tararua,Mara,549902
Tararua ,Tararua,Dannevirke West,550101
Tararua ,Tararua,Dannevirke East,550102
Tararua ,Tararua,Papatawa,550200
Tararua ,Tararua,Woodville,550500
Tararua ,Tararua,Mangatainoka,577900
Tararua ,Tararua,Pahiatua,578000
Tararua ,Tararua,Eketahuna,578100
Tararua ,Tararua,Nireaha-Tiraumea,578200
Tasman ,Motueka/Rural Tasman,Golden Bay,581601
Tasman ,Motueka/Rural Tasman,Takaka,581602
Tasman ,Motueka/Rural Tasman,Best Island,581724
Tasman ,Motueka/Rural Tasman,Bell Island,581725
Tasman ,Motueka/Rural Tasman,Richmond Hill,581811
Tasman ,Motueka/Rural Tasman,Inlet-Motueka,581831
Tasman ,Motueka/Rural Tasman,Kaiteriteri,581832
Tasman ,Motueka/Rural Tasman,Motueka Outer,581833
Tasman ,Motueka/Rural Tasman,Rabbit Island,581834
Tasman ,Motueka/Rural Tasman,Wai-Iti,581836
Tasman ,Motueka/Rural Tasman,Golden Downs,581841
Tasman ,Motueka/Rural Tasman,Lake Rotoroa,581842
Tasman ,Motueka/Rural Tasman,Murchison,581843
Tasman ,Motueka/Rural Tasman,Tapawera,581844
Tasman ,Motueka/Rural Tasman,Riwaka,581850
Tasman ,Motueka/Rural Tasman,Motueka West,584301
Tasman ,Motueka/Rural Tasman,Motueka East,584303
Tasman ,Motueka/Rural Tasman,Moutere Inlet,584304
Tasman ,Motueka/Rural Tasman,Jackett Island,584305
Tasman ,Richmond/Wakefield/Brightwater/Mapua,Aniseed Hill,581717
Tasman ,Richmond/Wakefield/Brightwater/Mapua,Hope,581720
Tasman ,Richmond/Wakefield/Brightwater/Mapua,Ranzau,581726
Tasman ,Richmond/Wakefield/Brightwater/Mapua,Brightwater,581822
Tasman ,Richmond/Wakefield/Brightwater/Mapua,Wakefield,581823
Tasman ,Richmond/Wakefield/Brightwater/Mapua,Mapua,581825
Tasman ,Richmond/Wakefield/Brightwater/Mapua,Richmond North,584201
Tasman ,Richmond/Wakefield/Brightwater/Mapua,Richmond South,584202
Taupo ,Rural Taupo,Omori,532200
Taupo ,Rural Taupo,Kuratau,532502
Taupo ,Rural Taupo,Mangakino,540900
Taupo ,Rural Taupo,Turangi,541000
Taupo ,Rural Taupo,Wairakei-Aratiatia,541312
Taupo ,Rural Taupo,Maunganamu,541313
Taupo ,Rural Taupo,Taupo East,541315
Taupo ,Rural Taupo,Rangatira,541318
Taupo ,Rural Taupo,Marotiri,541320
Taupo ,Rural Taupo,Oruanui,541331
Taupo ,Rural Taupo,Rangitaiki,541342
Taupo ,Rural Taupo,Iwitahi,541343
Taupo ,Rural Taupo,Rangipo,541501
Taupo ,Rural Taupo,Te More,541502
Taupo ,Rural Taupo,Taharua,541503
Taupo ,Taupo Central/Tauhara,Central Taupo,541720
Taupo ,Taupo Central/Tauhara,Tauhara,541730
Taupo ,Taupo West/Taupo South,Acacia Bay,541311
Taupo ,Taupo West/Taupo South,Wharewaka,541316
Taupo ,Taupo West/Taupo South,Rangatira Park,541317
Taupo ,Taupo West/Taupo South,Lakewood,541319
Taupo ,Taupo West/Taupo South,Nukuhau,541710
Taupo ,Taupo West/Taupo South,Hilltop,541740
Taupo ,Taupo West/Taupo South,Waipahihi,541750
Taupo ,Taupo West/Taupo South,Richmond Heights,541760
Tauranga ,Bethlehem/Otumoetai,Bethlehem East,536513
Tauranga ,Bethlehem/Otumoetai,Bethlehem,536514
Tauranga ,Bethlehem/Otumoetai,Matua,537000
Tauranga ,Bethlehem/Otumoetai,Bellevue,537100
Tauranga ,Bethlehem/Otumoetai,Otumoetai North,537201
Tauranga ,Bethlehem/Otumoetai,Otumoetai South,537202
Tauranga ,Bethlehem/Otumoetai,Brookfield,537301
Tauranga ,Mt Maunganui,Matapihi,536505
Tauranga ,Mt Maunganui,Mt Maunganui North,536810
Tauranga ,Mt Maunganui,Omanu,536820
Tauranga ,Mt Maunganui,Arataki,536831
Tauranga ,Mt Maunganui,Te Maunga,536832
Tauranga ,Papamoa Beach,Papamoa Beach East,536200
Tauranga ,Papamoa Beach,Papamoa Beach West,536511
Tauranga ,Pyes Pa/Hairini/Welcome Bay,Kairua,536512
Tauranga ,Pyes Pa/Hairini/Welcome Bay,Pyes Pa,537602
Tauranga ,Pyes Pa/Hairini/Welcome Bay,Hairini,537900
Tauranga ,Pyes Pa/Hairini/Welcome Bay,Maungatapu,538000
Tauranga ,Pyes Pa/Hairini/Welcome Bay,Welcome Bay,538300
Tauranga ,Tauranga Central/Greerton,Te Reti,537302
Tauranga ,Tauranga Central/Greerton,Judea,537400
Tauranga ,Tauranga Central/Greerton,Gate Pa,537500
Tauranga ,Tauranga Central/Greerton,Greerton,537601
Tauranga ,Tauranga Central/Greerton,Yatton Park,537700
Tauranga ,Tauranga Central/Greerton,Poike,537800
Tauranga ,Tauranga Central/Greerton,Tauranga Hospital,538101
Tauranga ,Tauranga Central/Greerton,Tauranga South,538102
Tauranga ,Tauranga Central/Greerton,Tauranga Central,538201
Thames/Coromandel ,Thames/Coromandel,Whitianga,533000
Thames/Coromandel ,Thames/Coromandel,Coromandel,533100
Thames/Coromandel ,Thames/Coromandel,Te Rerenga,533200
Thames/Coromandel ,Thames/Coromandel,Whangamata,533300
Thames/Coromandel ,Thames/Coromandel,Tairua,533400
Thames/Coromandel ,Thames/Coromandel,Moanataiari,533501
Thames/Coromandel ,Thames/Coromandel,Parawai,533502
Thames/Coromandel ,Thames/Coromandel,Pauanui Beach,533602
Thames/Coromandel ,Thames/Coromandel,Hikuai,533603
Thames/Coromandel ,Thames/Coromandel,Te Puru-Thornton Bay,533604
Timaru ,Rural Timaru/Temuka/Geraldine,Winchester,598000
Timaru ,Rural Timaru/Temuka/Geraldine,Fairview-Scarborough,598201
Timaru ,Rural Timaru/Temuka/Geraldine,Otipua Creek-Washdyke Flat,598202
Timaru ,Rural Timaru/Temuka/Geraldine,Ben Mcleod,598311
Timaru ,Rural Timaru/Temuka/Geraldine,Orari,598312
Timaru ,Rural Timaru/Temuka/Geraldine,Levels,598313
Timaru ,Rural Timaru/Temuka/Geraldine,Pareora,598314
Timaru ,Rural Timaru/Temuka/Geraldine,Pleasant Point,598320
Timaru ,Rural Timaru/Temuka/Geraldine,Geraldine,598500
Timaru ,Rural Timaru/Temuka/Geraldine,Temuka,598600
Timaru ,Timaru Township,Washdyke,598700
Timaru ,Timaru Township,Waimataitai,598800
Timaru ,Timaru Township,Marchwiel,598900
Timaru ,Timaru Township,Maori Park,599000
Timaru ,Timaru Township,Highfield,599100
Timaru ,Timaru Township,Glenwood,599200
Timaru ,Timaru Township,Gleniti,599300
Timaru ,Timaru Township,Fraser Park,599400
Timaru ,Timaru Township,Seaview,599500
Timaru ,Timaru Township,Watlington,599600
Timaru ,Timaru Township,Parkside,599700
Timaru ,Timaru Township,Timaru Gardens,599800
Timaru ,Timaru Township,Redruth,599900
Upper Hutt ,Heretaunga/Silverstream,Heretaunga Park,564510
Upper Hutt ,Heretaunga/Silverstream,Trentham South,564520
Upper Hutt ,Heretaunga/Silverstream,Pinehaven,564530
Upper Hutt ,Heretaunga/Silverstream,Nabhra,564600
Upper Hutt ,Heretaunga/Silverstream,Heretaunga-Silverstream,567800
Upper Hutt ,Heretaunga/Silverstream,Mangaroa,567902
Upper Hutt ,Totara Park/Maoribank/Te Marua,Te Marua,566500
Upper Hutt ,Totara Park/Maoribank/Te Marua,Akatarawa,566610
Upper Hutt ,Totara Park/Maoribank/Te Marua,Emerald Hill,566620
Upper Hutt ,Totara Park/Maoribank/Te Marua,Maoribank,566700
Upper Hutt ,Totara Park/Maoribank/Te Marua,Totara Park,566900
Upper Hutt ,Totara Park/Maoribank/Te Marua,Cloustonville,567901
Upper Hutt ,Trentham North/Wallaceville,Wallaceville,567300
Upper Hutt ,Trentham North/Wallaceville,Trentham North,567700
Upper Hutt ,Trentham West/Eldersley/Clouston Park,Clouston Park,566800
Upper Hutt ,Trentham West/Eldersley/Clouston Park,Ebdentown,567000
Upper Hutt ,Trentham West/Eldersley/Clouston Park,Upper Hutt Central,567100
Upper Hutt ,Trentham West/Eldersley/Clouston Park,Maidstone,567200
Upper Hutt ,Trentham West/Eldersley/Clouston Park,Elderslea,567400
Upper Hutt ,Trentham West/Eldersley/Clouston Park,Moonshine,567500
Upper Hutt ,Trentham West/Eldersley/Clouston Park,Brentwood,567600
Waikato ,Huntly,Huntly West,527401
Waikato ,Huntly,Huntly East,527402
Waikato ,Waikato,Rotowaro,526400
Waikato ,Waikato,Raglan,526500
Waikato ,Waikato,Waikato Western Hills,526601
Waikato ,Waikato,Te Uku,526602
Waikato ,Waikato,Te Akau,526702
Waikato ,Waikato,Te Kauwhata,526900
Waikato ,Waikato,Matangi,527004
Waikato ,Waikato,Whitikahu,527111
Waikato ,Waikato,Taupiri Community,527112
Waikato ,Waikato,Kainui,527123
Waikato ,Waikato,Waerenga,527210
Waikato ,Waikato,Maramarua,527221
Waikato ,Waikato,Meremere,527222
Waikato ,Waikato,Horotiu,527911
Waikato ,Waikato,Whatawhata,527913
Waikato ,Waikato,Ngaruawahia,528200
Waimakariri ,Rangiora/Kaiapoi,Rangiora North,586301
Waimakariri ,Rangiora/Kaiapoi,Rangiora West,586302
Waimakariri ,Rangiora/Kaiapoi,Rangiora East,586303
Waimakariri ,Rangiora/Kaiapoi,Kaiapoi North,586401
Waimakariri ,Rangiora/Kaiapoi,Kaiapoi South,586402
Waimakariri ,Rural Waimakariri,Sefton,585805
Waimakariri ,Rural Waimakariri,Okuku,585806
Waimakariri ,Rural Waimakariri,Loburn,585807
Waimakariri ,Rural Waimakariri,Ashley,585808
Waimakariri ,Rural Waimakariri,Camside,586001
Waimakariri ,Rural Waimakariri,Pines-Kairaki Beach,586002
Waimakariri ,Rural Waimakariri,Waikuku,586112
Waimakariri ,Rural Waimakariri,Cust,586114
Waimakariri ,Rural Waimakariri,Mairaki,586115
Waimakariri ,Rural Waimakariri,Fernside,586116
Waimakariri ,Rural Waimakariri,Tuahiwi,586117
Waimakariri ,Rural Waimakariri,Coldstream,586118
Waimakariri ,Rural Waimakariri,Woodend,586120
Waimakariri ,Rural Waimakariri,Southbrook,586304
Waimakariri ,Rural Waimakariri,Clarkville,586501
Waimakariri ,Rural Waimakariri,Kaiapoi West,586502
Waimakariri ,Rural Waimakariri,West Eyreton,586601
Waimakariri ,Rural Waimakariri,Eyreton,586602
Waimakariri ,Rural Waimakariri,Ashley Gorge,586801
Waimakariri ,Rural Waimakariri,Oxford,586802
Waipa ,Cambridge/Leamington,Cambridge North,527501
Waipa ,Cambridge/Leamington,Cambridge West,527502
Waipa ,Cambridge/Leamington,Cambridge Central,527503
Waipa ,Cambridge/Leamington,Leamington West,527504
Waipa ,Cambridge/Leamington,Leamington East,527505
Waipa ,Rural Waipa,Te Pahu,526603
Waipa ,Rural Waipa,Hautapu,527132
Waipa ,Rural Waipa,Ohaupo,527600
Waipa ,Rural Waipa,Kihikihi,527700
Waipa ,Rural Waipa,Temple View,527820
Waipa ,Rural Waipa,Ngahinapouri,527914
Waipa ,Rural Waipa,Lake Cameron,527915
Waipa ,Rural Waipa,Te Rore,527921
Waipa ,Rural Waipa,Pirongia,527922
Waipa ,Rural Waipa,Pokuru,527923
Waipa ,Rural Waipa,Lake Ngaroto,527924
Waipa ,Rural Waipa,Tokanui,527925
Waipa ,Rural Waipa,Pukerimu,527931
Waipa ,Rural Waipa,Kaipaki,527932
Waipa ,Rural Waipa,Rotoorangi,527934
Waipa ,Rural Waipa,Te Rahu,527935
Waipa ,Rural Waipa,Kihikihi Flat,527936
Waipa ,Rural Waipa,Allen Road,527937
Waipa ,Rural Waipa,Rotongata,528000
Waipa ,Rural Waipa,Karapiro,535241
Waipa ,Te Awamutu,Te Awamutu West,531001
Waipa ,Te Awamutu,Te Awamutu Central,531002
Waipa ,Te Awamutu,Te Awamutu East,531003
Waipa ,Te Awamutu,Te Awamutu South,531004
Wairoa ,Wairoa,Tuai,545201
Wairoa ,Wairoa,Frasertown,545202
Wairoa ,Wairoa,Ruakituri-Morere,545204
Wairoa ,Wairoa,Maungataniwha,545205
Wairoa ,Wairoa,Raupunga,545301
Wairoa ,Wairoa,Whakaki,545302
Wairoa ,Wairoa,Nuhaka,545303
Wairoa ,Wairoa,Mahia,545304
Wairoa ,Wairoa,Wairoa,545500
Waitakere ,Glen Eden,Tangutu,511001
Waitakere ,Glen Eden,Woodglen,511002
Waitakere ,Glen Eden,Parrs Park,512901
Waitakere ,Glendene,Glendene North,511601
Waitakere ,Glendene,Glendene South,511602
Waitakere ,Glendene,Sunnyvale,511800
Waitakere ,Henderson,Henderson North,510700
Waitakere ,Henderson,Henderson South,510800
Waitakere ,Henderson,Mcleod,512500
Waitakere ,Henderson,Sturges South,513010
Waitakere ,Henderson,Sturges North,513220
Waitakere ,Henderson,Kingdale,513301
Waitakere ,Henderson,Fairdene,513302
Waitakere ,Kelston,Glen Eden East,511100
Waitakere ,Kelston,Kelston Central,511700
Waitakere ,Massey/Royal Heights,Westgate,513511
Waitakere ,Massey/Royal Heights,Royal Road West,513512
Waitakere ,Massey/Royal Heights,Royal Heights,513530
Waitakere ,Massey/Royal Heights,Waimumu North,513631
Waitakere ,Massey/Royal Heights,Waimumu South,513632
Waitakere ,New Lynn,New Lynn North,511300
Waitakere ,New Lynn,Fruitvale,511401
Waitakere ,New Lynn,Rewarewa,511402
Waitakere ,Ranui,Ranui North,513210
Waitakere ,Te Atatu,Edmonton,512401
Waitakere ,Te Atatu,Wakeling,512402
Waitakere ,Te Atatu Peninsula,Matipo,512201
Waitakere ,Te Atatu Peninsula,Durham Green,512202
Waitakere ,Te Atatu Peninsula,Te Atatu Central,512300
Waitakere ,Titirangi,Kaurilands,511901
Waitakere ,Titirangi,Crum Park,511902
Waitakere ,Titirangi,Titirangi South,512000
Waitakere ,Titirangi,Green Bay,512100
Waitakere ,Titirangi,Konini,512600
Waitakere ,Titirangi,Waima,512700
Waitakere ,Titirangi,Laingholm,512801
Waitakere ,Titirangi,Armour Bay,512802
Waitakere ,Titirangi,Otimai,512902
Waitakere ,West Harbour,Whenuapai West,513410
Waitakere ,West Harbour,Herald,513420
Waitakere ,West Harbour,Hobsonville,513430
Waitakere ,West Harbour,West Harbour,513521
Waitakere ,West Harbour,Lucken Point,513522
Waitakere ,Western Beaches/Rural,Whangaruru Harbour,501813
Waitakere ,Western Beaches/Rural,Muriwai Beach,506651
Waitakere ,Western Beaches/Rural,Opanuku,513020
Waitakere ,Western Beaches/Rural,Swanson,513100
Waitakere ,Western Beaches/Rural,West Massey,513610
Waitakere ,Western Beaches/Rural,Birdwood,513620
Waitakere ,Western Beaches/Rural,Taupaki,513701
Waitakere ,Western Beaches/Rural,Waitakere,513702
Waitakere ,Western Beaches/Rural,Karekare,513800
Waitaki ,Waitaki,Weston,600600
Waitaki ,Waitaki,Pukeuri,600811
Waitaki ,Waitaki,Ardgowan,600812
Waitaki ,Waitaki,Cape Wanbrow,600813
Waitaki ,Waitaki,Duntroon,600822
Waitaki ,Waitaki,Kurow,600824
Waitaki ,Waitaki,Maheno,600826
Waitaki ,Waitaki,Omarama,600827
Waitaki ,Waitaki,Kakanui,600828
Waitaki ,Waitaki,Otematata,600830
Waitaki ,Waitaki,Aviemore,600831
Waitaki ,Waitaki,Hampden,600840
Waitaki ,Waitaki,Oamaru North,601010
Waitaki ,Waitaki,Orana Park,601020
Waitaki ,Waitaki,Oamaru Central,601030
Waitaki ,Waitaki,Oamaru South,601040
Waitaki ,Waitaki,Palmerston,601200
Waitaki ,Waitaki,Waihemo,601301
Waitaki ,Waitaki,Nenthorn,601700
Wanganui ,Wanganui,Otamatea,555200
Wanganui ,Wanganui,Blueskin,555300
Wanganui ,Wanganui,Maxwell,555400
Wanganui ,Wanganui,Castlecliff North,555700
Wanganui ,Wanganui,Castlecliff South,555800
Wanganui ,Wanganui,Mosston,555900
Wanganui ,Wanganui,Balgownie,556000
Wanganui ,Wanganui,Tawhero,556100
Wanganui ,Wanganui,Gonville South,556200
Wanganui ,Wanganui,Gonville East,556300
Wanganui ,Wanganui,Gonville West,556400
Wanganui ,Wanganui,Springvale West,556500
Wanganui ,Wanganui,Springvale East,556600
Wanganui ,Wanganui,Wanganui Collegiate,556700
Wanganui ,Wanganui,Laird Park,556800
Wanganui ,Wanganui,Wanganui Central,556900
Wanganui ,Wanganui,Spriggens Park,557000
Wanganui ,Wanganui,Cooks Gardens,557100
Wanganui ,Wanganui,St Johns Hill,557200
Wanganui ,Wanganui,Lower Aramoho,557300
Wanganui ,Wanganui,Upper Aramoho,557400
Wanganui ,Wanganui,Williams Domain,557500
Wanganui ,Wanganui,Wembley Park,557600
Wanganui ,Wanganui,Kowhai Park,557700
Wanganui ,Wanganui,Bastia Hill,557800
Wanganui ,Wanganui,Durie Hill,557900
Wanganui ,Wanganui,Putiki,558100
Wanganui ,Wanganui,Marybank-Gordon Park,558200
Wanganui ,Wanganui,Fordell-Kakatahi,558300
Wellington ,Brooklyn,Mitchelltown,575500
Wellington ,Brooklyn,Brooklyn,575600
Wellington ,Hataitai,Hataitai,576800
Wellington ,Hataitai,Kilbirnie West,576902
Wellington ,Island Bay/Melrose,Island Bay West,576001
Wellington ,Island Bay/Melrose,Island Bay East,576002
Wellington ,Island Bay/Melrose,Melrose,576100
Wellington ,Johnsonville/Newlands,Churton Park,573511
Wellington ,Johnsonville/Newlands,Churton,573512
Wellington ,Johnsonville/Newlands,Paparangi,573523
Wellington ,Johnsonville/Newlands,Newlands East,573524
Wellington ,Johnsonville/Newlands,Johnsonville North,573600
Wellington ,Johnsonville/Newlands,Johnsonville South,573700
Wellington ,Johnsonville/Newlands,Johnsonville East,573800
Wellington ,Johnsonville/Newlands,Newlands North,573900
Wellington ,Johnsonville/Newlands,Newlands South,574001
Wellington ,Johnsonville/Newlands,Ngauranga East,574002
Wellington ,Johnsonville/Newlands,Raroa,574100
Wellington ,Johnsonville/Newlands,Ngauranga West,574303
Wellington ,Karori,Johnston Hill,574800
Wellington ,Karori,Karori East,575000
Wellington ,Karori,Wright Hill,575100
Wellington ,Karori South/Makara,Karori Park,574900
Wellington ,Karori South/Makara,Makara-Ohariu,577700
Wellington ,Kelburn/Aro Valley,Aro Street-Nairn Street,573200
Wellington ,Kelburn/Aro Valley,Kelburn,575300
Wellington ,Kelburn/Aro Valley,Taitville,575400
Wellington ,Khandallah,Khandallah Park,574200
Wellington ,Khandallah,Te Kainga,574302
Wellington ,Khandallah,Rangoon Heights,574304
Wellington ,Kilbirnie/Lyall Bay,Kilbirnie East,576901
Wellington ,Kilbirnie/Lyall Bay,Lyall Bay,577000
Wellington ,Kingston/Happy Valley,Kingston,575800
Wellington ,Kingston/Happy Valley,Brooklyn South,575901
Wellington ,Kingston/Happy Valley,Happy Valley-Owhiro Bay,575902
Wellington ,Lambton,Lambton,573000
Wellington ,Miramar/Strathmore,Strathmore Park,577100
Wellington ,Miramar/Strathmore,Miramar South,577200
Wellington ,Miramar/Strathmore,Miramar North,577300
Wellington ,Miramar/Strathmore,Maupuia,577600
Wellington ,Mt Cook,Mt Cook-Wallace Street,573300
Wellington ,Mt Cook,Adelaide,576500
Wellington ,Mt Victoria/Roseneath,Mt Victoria West,573400
Wellington ,Mt Victoria/Roseneath,Roseneath,576700
Wellington ,Ngaio/Kaiwharawhara/Wilton,Awarua,574401
Wellington ,Ngaio/Kaiwharawhara/Wilton,Ngaio,574402
Wellington ,Ngaio/Kaiwharawhara/Wilton,Kaiwharawhara,574500
Wellington ,Ngaio/Kaiwharawhara/Wilton,Wilton-Otari,574700
Wellington ,Northland,Northland,575200
Wellington ,Oriental Bay/Seatoun,Oriental Bay,576600
Wellington ,Oriental Bay/Seatoun,Karaka Bay-Worser Bay,577400
Wellington ,Oriental Bay/Seatoun,Seatoun,577500
Wellington ,Tawa/Grenada North,Tawa South,572500
Wellington ,Tawa/Grenada North,Central Tawa,572600
Wellington ,Tawa/Grenada North,Linden,572701
Wellington ,Tawa/Grenada North,Greenacres,572702
Wellington ,Tawa/Grenada North,Grenada,573521
Wellington ,Tawa/Grenada North,Grenada North,573522
Wellington ,Te Aro,Willis Street-Cambridge Terrace,573100
Wellington ,Vogeltown/Berhampore/Newtown,Vogeltown,575700
Wellington ,Vogeltown/Berhampore/Newtown,Berhampore,576200
Wellington ,Vogeltown/Berhampore/Newtown,Newtown West,576300
Wellington ,Vogeltown/Berhampore/Newtown,Newtown East,576400
Wellington ,Wadestown/Thordon,Thorndon-Tinakori Road,572900
Wellington ,Wadestown/Thordon,Wadestown,574600
Western Bay of Plenty ,Kaimai/Te Puke,Maketu Community,535900
Western Bay of Plenty ,Kaimai/Te Puke,Kaimai,536630
Western Bay of Plenty ,Kaimai/Te Puke,Ohauiti-Ngapeke,536641
Western Bay of Plenty ,Kaimai/Te Puke,Upper Papamoa,536642
Western Bay of Plenty ,Kaimai/Te Puke,Paengaroa,536651
Western Bay of Plenty ,Kaimai/Te Puke,Rangiuru,536653
Western Bay of Plenty ,Kaimai/Te Puke,Pongakawa,536654
Western Bay of Plenty ,Kaimai/Te Puke,Te Puke West,538501
Western Bay of Plenty ,Kaimai/Te Puke,Te Puke East,538502
Western Bay of Plenty ,Waihi Beach/Omokoroa,Waihi Beach,534100
Western Bay of Plenty ,Waihi Beach/Omokoroa,Athenree,535700
Western Bay of Plenty ,Waihi Beach/Omokoroa,Katikati Community,535800
Western Bay of Plenty ,Waihi Beach/Omokoroa,Omokoroa Community,536000
Western Bay of Plenty ,Waihi Beach/Omokoroa,Island View-Pios Beach,536400
Western Bay of Plenty ,Waihi Beach/Omokoroa,Te Puna,536503
Western Bay of Plenty ,Waihi Beach/Omokoroa,Matakana Island,536611
Western Bay of Plenty ,Waihi Beach/Omokoroa,Tahawai,536614
Western Bay of Plenty ,Waihi Beach/Omokoroa,Aongatete,536615
Western Bay of Plenty ,Waihi Beach/Omokoroa,Minden,536620
Westland ,Westland,Kumara,585306
Westland ,Westland,Kaniere,585307
Westland ,Westland,Ross,585309
Westland ,Westland,Harihari,585311
Westland ,Westland,Franz Josef,585312
Westland ,Westland,Fox Glacier,585313
Westland ,Westland,Taramakau,585314
Westland ,Westland,Otira,585315
Westland ,Westland,Waimea-Arahura,585316
Westland ,Westland,Hokitika Rural,585317
Westland ,Westland,Hokitika Valley,585318
Westland ,Westland,Totara River,585319
Westland ,Westland,Waitaha,585320
Westland ,Westland,Whataroa,585321
Westland ,Westland,Waiho,585322
Westland ,Westland,Karangarua,585323
Westland ,Westland,Bruce Bay-Paringa,585324
Westland ,Westland,Haast,585325
Westland ,Westland,Hokitika Urban,585400
Whakatane ,Whakatane,Ohope,541900
Whakatane ,Whakatane,Whakatane North,542410
Whakatane ,Whakatane,Coastlands,542421
Whakatane ,Whakatane,Whakatane West,542422
Whakatane ,Whakatane,Trident,542430
Whakatane ,Whakatane,Allandale-Mokorua,542440
Whakatane ,Whakatane,Orini,542511
Whakatane ,Whakatane,Port Ohope,542513
Whakatane ,Whakatane,Maraetotara,542514
Whakatane ,Whakatane,Poroporo,542520
Whakatane ,Whakatane Rural,Matata,542000
Whakatane ,Whakatane Rural,Taneatua Community,542100
Whakatane ,Whakatane Rural,Edgecumbe Community,542200
Whakatane ,Whakatane Rural,Te Teko,542300
Whakatane ,Whakatane Rural,Otakiri,542530
Whakatane ,Whakatane Rural,Rotoma,542540
Whakatane ,Whakatane Rural,Matahina-Minginui,542550
Whakatane ,Whakatane Rural,Waimana,542561
Whakatane ,Whakatane Rural,Urewera,542562
Whakatane ,Whakatane Rural,Murupara,542700
Whangarei ,Kamo/Tikipunga/Kensington,Three Mile Bush,502002
Whangarei ,Kamo/Tikipunga/Kensington,Kamo West,502101
Whangarei ,Kamo/Tikipunga/Kensington,Kamo East,502102
Whangarei ,Kamo/Tikipunga/Kensington,Tikipunga West,502201
Whangarei ,Kamo/Tikipunga/Kensington,Tikipunga East,502202
Whangarei ,Kamo/Tikipunga/Kensington,Whau Valley,502300
Whangarei ,Kamo/Tikipunga/Kensington,Western Hills,502500
Whangarei ,Kamo/Tikipunga/Kensington,Kensington,502600
Whangarei ,Morningside/Raumanga/Maunu,Otaika-Portland,502005
Whangarei ,Morningside/Raumanga/Maunu,Horahora,503300
Whangarei ,Morningside/Raumanga/Maunu,Maunu,503400
Whangarei ,Morningside/Raumanga/Maunu,Raumanga East,503500
Whangarei ,Morningside/Raumanga/Maunu,Morningside,503600
Whangarei ,Morningside/Raumanga/Maunu,Raumanga West,503800
Whangarei ,Morningside/Raumanga/Maunu,Port-Limeburners,503900
Whangarei ,Ngunguru/Onerahi/Whangarei Heads/Waipu,Bream Head,501805
Whangarei ,Ngunguru/Onerahi/Whangarei Heads/Waipu,Marsden Point-Ruakaka,501806
Whangarei ,Ngunguru/Onerahi/Whangarei Heads/Waipu,Ngunguru,501807
Whangarei ,Ngunguru/Onerahi/Whangarei Heads/Waipu,Waipu,501812
Whangarei ,Ngunguru/Onerahi/Whangarei Heads/Waipu,Abbey Caves,502004
Whangarei ,Ngunguru/Onerahi/Whangarei Heads/Waipu,Parahaki,503700
Whangarei ,Ngunguru/Onerahi/Whangarei Heads/Waipu,Sherwood Rise,504000
Whangarei ,Ngunguru/Onerahi/Whangarei Heads/Waipu,Onerahi,504100
Whangarei ,North West Rural,Opouteke-Tanekaha,501802
Whangarei ,North West Rural,Wharekohe-Oakleigh,501809
Whangarei ,North West Rural,Maungatapere,501810
Whangarei ,North West Rural,Waiotira-Springfield,501811
Whangarei ,North West Rural,Punaruku-Kiripaka,501814
Whangarei ,North West Rural,Springs Flat,502001
Whangarei ,North West Rural,Te Hihi,502003
Whangarei ,North West Rural,Hikurangi,504300
Whangarei ,Whangarei Central/Otangarei,Otangarei,502400
Whangarei ,Whangarei Central/Otangarei,Mairtown,502700
Whangarei ,Whangarei Central/Otangarei,Regent,502800
Whangarei ,Whangarei Central/Otangarei,Woodhill,502900
Whangarei ,Whangarei Central/Otangarei,Vinetown,503000
Whangarei ,Whangarei Central/Otangarei,Whangarei Central,503100
Whangarei ,Whangarei Central/Otangarei,Riverside,503200
